window_end,window_start,dataset_version,description,fetch_timestamp,forks,full_name,html_url,inclusion_decision,is_archived,is_fork,is_template,org,primary_language,pushed_at,repo_id,stars,strategic_relevance_score,strategic_signals,timezone
,,2026-05-23.solana-activity.v2,"The fuzzer afl++ is afl with community patches, qemu 5.1 upgrade, collision-free coverage, enhanced laf-intel & redqueen, AFLfast++ power schedules, MOpt mutators, unicorn_mode, and a lot more!",2026-05-23T16:21:37.446336Z,0,firedancer-io/AFLplusplus,https://github.com/firedancer-io/AFLplusplus,context/watchlist only; not included in approved-gate Top repo score,False,True,False,firedancer-io,C,2026-02-19T23:56:53Z,1060310272,1,2,firedancer-client;payments/token,UTC
,,2026-05-23.solana-activity.v2,"Web-Scale Blockchain for fast, secure, scalable, decentralized apps and marketplaces.",2026-05-23T16:21:37.446336Z,16,firedancer-io/agave,https://github.com/firedancer-io/agave,context/watchlist only; not included in approved-gate Top repo score,False,True,False,firedancer-io,Rust,2026-05-23T01:20:33Z,826494145,6,2,core-client/runtime;firedancer-client,UTC
,,2026-05-23.solana-activity.v2,An Alpine build environment for Firedancer,2026-05-23T16:21:37.446336Z,0,firedancer-io/alpine-builder,https://github.com/firedancer-io/alpine-builder,context/watchlist only; not included in approved-gate Top repo score,True,False,False,firedancer-io,Shell,2024-01-05T15:31:14Z,669197061,0,1,firedancer-client,UTC
,,2026-05-23.solana-activity.v2,,2026-05-23T16:21:37.446336Z,0,firedancer-io/audits,https://github.com/firedancer-io/audits,context/watchlist only; not included in approved-gate Top repo score,False,False,False,firedancer-io,,2025-05-07T13:59:18Z,820642713,5,1,firedancer-client,UTC
,,2026-05-23.solana-activity.v2,Binary Ninja plugin for Solana eBPF,2026-05-23T16:21:37.446336Z,0,firedancer-io/bn-ebpf-solana,https://github.com/firedancer-io/bn-ebpf-solana,context/watchlist only; not included in approved-gate Top repo score,False,True,False,firedancer-io,,2025-10-27T18:34:18Z,1084483039,0,2,core-client/runtime;firedancer-client,UTC
,,2026-05-23.solana-activity.v2,C++ client library for ClickHouse,2026-05-23T16:21:37.446336Z,0,firedancer-io/clickhouse-cpp,https://github.com/firedancer-io/clickhouse-cpp,context/watchlist only; not included in approved-gate Top repo score,False,True,False,firedancer-io,,2025-11-04T22:04:02Z,1089000499,0,1,firedancer-client,UTC
,,2026-05-23.solana-activity.v2,,2026-05-23T16:21:37.446336Z,0,firedancer-io/clusterfuzz-action,https://github.com/firedancer-io/clusterfuzz-action,context/watchlist only; not included in approved-gate Top repo score,True,False,False,firedancer-io,TypeScript,2023-11-28T18:41:39Z,663147119,0,1,firedancer-client,UTC
,,2026-05-23.solana-activity.v2,Rust language bindings for Faiss,2026-05-23T16:21:37.446336Z,0,firedancer-io/faiss-rs,https://github.com/firedancer-io/faiss-rs,context/watchlist only; not included in approved-gate Top repo score,False,True,False,firedancer-io,,2026-05-19T00:29:29Z,1239235249,0,1,firedancer-client,UTC
,,2026-05-23.solana-activity.v2,,2026-05-23T16:21:37.446336Z,4,firedancer-io/fd-yellowstone,https://github.com/firedancer-io/fd-yellowstone,context/watchlist only; not included in approved-gate Top repo score,False,False,False,firedancer-io,C++,2025-09-19T16:21:51Z,1003686451,18,1,firedancer-client,UTC
,,2026-05-23.solana-activity.v2,Firedancer is Jump Crypto's Solana validator software.,2026-05-23T16:21:37.446336Z,482,firedancer-io/firedancer,https://github.com/firedancer-io/firedancer,context/watchlist only; not included in approved-gate Top repo score,False,False,False,firedancer-io,C,2026-05-23T11:24:43Z,525383681,1475,3,core-client/runtime;firedancer-client;validator/rpc,UTC
,,2026-05-23.solana-activity.v2,,2026-05-23T16:21:37.446336Z,10,firedancer-io/firedancer-frontend,https://github.com/firedancer-io/firedancer-frontend,context/watchlist only; not included in approved-gate Top repo score,False,False,False,firedancer-io,TypeScript,2026-05-22T18:52:24Z,846270771,16,1,firedancer-client,UTC
,,2026-05-23.solana-activity.v2,Daily Fuzzing Coverage for Firedancer,2026-05-23T16:21:37.446336Z,0,firedancer-io/firedancer-fuzz-coverage,https://github.com/firedancer-io/firedancer-fuzz-coverage,context/watchlist only; not included in approved-gate Top repo score,True,False,False,firedancer-io,,2023-08-24T17:43:47Z,682264660,0,1,firedancer-client,UTC
,,2026-05-23.solana-activity.v2,Firedancer load testing tool,2026-05-23T16:21:37.446336Z,0,firedancer-io/firedancer-pktgen,https://github.com/firedancer-io/firedancer-pktgen,context/watchlist only; not included in approved-gate Top repo score,False,False,False,firedancer-io,C,2024-07-10T17:59:48Z,809833268,0,1,firedancer-client,UTC
,,2026-05-23.solana-activity.v2,Binary blobs and test inputs used in Firedancer unit tests,2026-05-23T16:21:37.446336Z,0,firedancer-io/firedancer-testbins,https://github.com/firedancer-io/firedancer-testbins,context/watchlist only; not included in approved-gate Top repo score,False,False,False,firedancer-io,C,2024-05-17T16:10:33Z,601333252,0,1,firedancer-client,UTC
,,2026-05-23.solana-activity.v2,FlatBuffers: Memory Efficient Serialization Library,2026-05-23T16:21:37.446336Z,1,firedancer-io/flatbuffers,https://github.com/firedancer-io/flatbuffers,context/watchlist only; not included in approved-gate Top repo score,False,True,False,firedancer-io,C++,2026-04-06T22:20:22Z,1089977884,0,1,firedancer-client,UTC
,,2026-05-23.solana-activity.v2,FlatBuffers Compiler and Library in C for C,2026-05-23T16:21:37.446336Z,0,firedancer-io/flatcc,https://github.com/firedancer-io/flatcc,context/watchlist only; not included in approved-gate Top repo score,False,True,False,firedancer-io,,2025-11-10T17:09:14Z,1094526253,0,1,firedancer-client,UTC
,,2026-05-23.solana-activity.v2,Build environment that matches Clusterfuzz fuzzbot,2026-05-23T16:21:37.446336Z,0,firedancer-io/fuzzbot-builder,https://github.com/firedancer-io/fuzzbot-builder,context/watchlist only; not included in approved-gate Top repo score,True,False,False,firedancer-io,Shell,2024-01-05T15:29:57Z,678856554,0,1,firedancer-client,UTC
,,2026-05-23.solana-activity.v2,GitHub Pages deployment powering go.firedancer.io,2026-05-23T16:21:37.446336Z,1,firedancer-io/go-site,https://github.com/firedancer-io/go-site,context/watchlist only; not included in approved-gate Top repo score,False,False,False,firedancer-io,HTML,2022-09-21T20:03:10Z,538488575,0,1,firedancer-client,UTC
,,2026-05-23.solana-activity.v2,"Security oriented software fuzzer. Supports evolutionary, feedback-driven fuzzing based on code coverage (SW and HW based)",2026-05-23T16:21:37.446336Z,0,firedancer-io/honggfuzz,https://github.com/firedancer-io/honggfuzz,context/watchlist only; not included in approved-gate Top repo score,False,True,False,firedancer-io,C,2026-05-16T03:36:37Z,1118527368,0,1,firedancer-client,UTC
,,2026-05-23.solana-activity.v2,Fuzz your Rust code with Google-developed Honggfuzz !,2026-05-23T16:21:37.446336Z,1,firedancer-io/honggfuzz-rs,https://github.com/firedancer-io/honggfuzz-rs,context/watchlist only; not included in approved-gate Top repo score,False,True,False,firedancer-io,Rust,2026-03-30T19:07:36Z,1178235411,0,1,firedancer-client,UTC
,,2026-05-23.solana-activity.v2,Industry targets for the labs validator,2026-05-23T16:21:37.446336Z,0,firedancer-io/industry-labs,https://github.com/firedancer-io/industry-labs,context/watchlist only; not included in approved-gate Top repo score,True,False,False,firedancer-io,,2024-01-04T22:23:21Z,738714381,0,2,firedancer-client;validator/rpc,UTC
,,2026-05-23.solana-activity.v2,C++ library for Finite Fields and Elliptic Curves,2026-05-23T16:21:37.446336Z,0,firedancer-io/libff,https://github.com/firedancer-io/libff,context/watchlist only; not included in approved-gate Top repo score,False,True,False,firedancer-io,C++,2023-10-17T16:19:17Z,706273847,0,1,firedancer-client,UTC
,,2026-05-23.solana-activity.v2,Library for structured fuzzing with protobuffers,2026-05-23T16:21:37.446336Z,0,firedancer-io/libprotobuf-mutator,https://github.com/firedancer-io/libprotobuf-mutator,context/watchlist only; not included in approved-gate Top repo score,False,True,False,firedancer-io,,2024-03-04T22:35:29Z,767205839,0,1,firedancer-client,UTC
,,2026-05-23.solana-activity.v2,Linux kernel source tree,2026-05-23T16:21:37.446336Z,0,firedancer-io/linux,https://github.com/firedancer-io/linux,context/watchlist only; not included in approved-gate Top repo score,False,True,False,firedancer-io,,2026-05-18T04:52:27Z,1241589423,0,1,firedancer-client,UTC
,,2026-05-23.solana-activity.v2,,2026-05-23T16:21:37.446336Z,0,firedancer-io/llvm-project,https://github.com/firedancer-io/llvm-project,context/watchlist only; not included in approved-gate Top repo score,False,True,False,firedancer-io,,2024-07-04T14:02:54Z,824167965,0,1,firedancer-client,UTC
,,2026-05-23.solana-activity.v2,,2026-05-23T16:21:37.446336Z,0,firedancer-io/mirasol,https://github.com/firedancer-io/mirasol,context/watchlist only; not included in approved-gate Top repo score,True,False,False,firedancer-io,Go,2023-06-10T18:15:11Z,651989248,0,1,firedancer-client,UTC
,,2026-05-23.solana-activity.v2,A repository for Protobuf definitions,2026-05-23T16:21:37.446336Z,5,firedancer-io/protosol,https://github.com/firedancer-io/protosol,context/watchlist only; not included in approved-gate Top repo score,False,False,False,firedancer-io,Rust,2026-05-22T07:01:20Z,816865318,4,1,firedancer-client,UTC
,,2026-05-23.solana-activity.v2,Python package for fast Base58,2026-05-23T16:21:37.446336Z,0,firedancer-io/python-fd58,https://github.com/firedancer-io/python-fd58,context/watchlist only; not included in approved-gate Top repo score,False,False,False,firedancer-io,C,2025-10-14T19:52:03Z,781952420,1,1,firedancer-client,UTC
,,2026-05-23.solana-activity.v2,Go tool for Solana TPU,2026-05-23T16:21:37.446336Z,0,firedancer-io/quictool,https://github.com/firedancer-io/quictool,context/watchlist only; not included in approved-gate Top repo score,False,False,False,firedancer-io,Go,2025-01-13T12:01:30Z,885784918,1,3,core-client/runtime;firedancer-client;validator/rpc,UTC
,,2026-05-23.solana-activity.v2,Async-friendly QUIC implementation in Rust,2026-05-23T16:21:37.446336Z,0,firedancer-io/quinn,https://github.com/firedancer-io/quinn,context/watchlist only; not included in approved-gate Top repo score,True,True,False,firedancer-io,Rust,2024-04-04T14:31:27Z,648836327,0,1,firedancer-client,UTC
,,2026-05-23.solana-activity.v2,Solana protocol playground supporting Firedancer development,2026-05-23T16:21:37.446336Z,50,firedancer-io/radiance,https://github.com/firedancer-io/radiance,context/watchlist only; not included in approved-gate Top repo score,False,False,False,firedancer-io,Go,2024-05-10T09:12:12Z,439029315,119,2,core-client/runtime;firedancer-client,UTC
,,2026-05-23.solana-activity.v2,,2026-05-23T16:21:37.446336Z,0,firedancer-io/rbpf,https://github.com/firedancer-io/rbpf,context/watchlist only; not included in approved-gate Top repo score,False,True,False,firedancer-io,Rust,2025-01-13T23:11:55Z,793828908,1,1,firedancer-client,UTC
,,2026-05-23.solana-activity.v2,SBPF virtual machine,2026-05-23T16:21:37.446336Z,0,firedancer-io/sbpf,https://github.com/firedancer-io/sbpf,context/watchlist only; not included in approved-gate Top repo score,False,True,False,firedancer-io,,2026-05-20T17:35:25Z,1016163185,0,2,core-client/runtime;firedancer-client,UTC
,,2026-05-23.solana-activity.v2,Firedancer's patches to Solana,2026-05-23T16:21:37.446336Z,2,firedancer-io/solana,https://github.com/firedancer-io/solana,context/watchlist only; not included in approved-gate Top repo score,False,True,False,firedancer-io,,2024-09-13T20:32:46Z,586863247,2,2,core-client/runtime;firedancer-client,UTC
,,2026-05-23.solana-activity.v2,Conformance test suite for the Solana protocol,2026-05-23T16:21:37.446336Z,4,firedancer-io/solana-conformance,https://github.com/firedancer-io/solana-conformance,context/watchlist only; not included in approved-gate Top repo score,True,False,False,firedancer-io,Python,2026-04-13T20:13:38Z,771103197,15,2,core-client/runtime;firedancer-client,UTC
,,2026-05-23.solana-activity.v2,Solana runtime pattern files for the ImHex hex editor,2026-05-23T16:21:37.446336Z,3,firedancer-io/solana-hexpat,https://github.com/firedancer-io/solana-hexpat,context/watchlist only; not included in approved-gate Top repo score,False,False,False,firedancer-io,Makefile,2024-04-19T06:14:26Z,647980469,7,2,core-client/runtime;firedancer-client,UTC
,,2026-05-23.solana-activity.v2,Solana Improvement Documents,2026-05-23T16:21:37.446336Z,1,firedancer-io/solana-improvement-documents,https://github.com/firedancer-io/solana-improvement-documents,context/watchlist only; not included in approved-gate Top repo score,False,True,False,firedancer-io,,2023-11-30T16:50:00Z,561020705,2,2,core-client/runtime;firedancer-client,UTC
,,2026-05-23.solana-activity.v2,,2026-05-23T16:21:37.446336Z,0,firedancer-io/solana-packets,https://github.com/firedancer-io/solana-packets,context/watchlist only; not included in approved-gate Top repo score,False,True,False,firedancer-io,,2025-04-18T03:22:50Z,968080257,0,3,core-client/runtime;firedancer-client;validator/rpc,UTC
,,2026-05-23.solana-activity.v2,"Rust SDK for the Solana blockchain, used by on-chain program developers and the Agave validator",2026-05-23T16:21:37.446336Z,0,firedancer-io/solana-sdk,https://github.com/firedancer-io/solana-sdk,context/watchlist only; not included in approved-gate Top repo score,False,True,False,firedancer-io,Rust,2026-03-18T17:27:17Z,1016168659,0,3,core-client/runtime;firedancer-client;validator/rpc,UTC
,,2026-05-23.solana-activity.v2,Wireshark dissector for the Solana peer-to-peer network,2026-05-23T16:21:37.446336Z,4,firedancer-io/solana_dissector,https://github.com/firedancer-io/solana_dissector,context/watchlist only; not included in approved-gate Top repo score,False,False,False,firedancer-io,Lua,2025-04-18T16:59:01Z,525309274,31,2,core-client/runtime;firedancer-client,UTC
,,2026-05-23.solana-activity.v2,This is a repo for all solcap tooling,2026-05-23T16:21:37.446336Z,1,firedancer-io/solcap-tools,https://github.com/firedancer-io/solcap-tools,context/watchlist only; not included in approved-gate Top repo score,False,False,False,firedancer-io,Rust,2026-04-15T02:22:40Z,1082781734,0,1,firedancer-client,UTC
,,2026-05-23.solana-activity.v2,Agave target for solfuzz,2026-05-23T16:21:37.446336Z,16,firedancer-io/solfuzz-agave,https://github.com/firedancer-io/solfuzz-agave,context/watchlist only; not included in approved-gate Top repo score,False,False,False,firedancer-io,Rust,2026-05-22T15:04:20Z,769721627,34,2,core-client/runtime;firedancer-client,UTC
,,2026-05-23.solana-activity.v2,Solana protocol specs,2026-05-23T16:21:37.446336Z,4,firedancer-io/specs,https://github.com/firedancer-io/specs,context/watchlist only; not included in approved-gate Top repo score,False,True,False,firedancer-io,Python,2025-06-12T22:37:02Z,553112123,8,2,core-client/runtime;firedancer-client,UTC
,,2026-05-23.solana-activity.v2,Temporary place for Firedancer's Solana protocol specs,2026-05-23T16:21:37.446336Z,0,firedancer-io/specs-old,https://github.com/firedancer-io/specs-old,context/watchlist only; not included in approved-gate Top repo score,True,False,False,firedancer-io,,2022-09-01T03:01:54Z,530703402,7,2,core-client/runtime;firedancer-client,UTC
,,2026-05-23.solana-activity.v2,,2026-05-23T16:21:37.446336Z,7,firedancer-io/test-vectors,https://github.com/firedancer-io/test-vectors,context/watchlist only; not included in approved-gate Top repo score,False,False,False,firedancer-io,,2026-05-20T21:25:49Z,791879710,3,1,firedancer-client,UTC
,,2026-05-23.solana-activity.v2,sBPF assembly example,2026-05-23T16:21:37.446336Z,1,firedancer-io/token.sbpf,https://github.com/firedancer-io/token.sbpf,context/watchlist only; not included in approved-gate Top repo score,False,False,False,firedancer-io,Assembly,2024-05-07T10:00:11Z,797150134,19,3,core-client/runtime;firedancer-client;payments/token,UTC
,,2026-05-23.solana-activity.v2,,2026-05-23T16:21:37.446336Z,0,firedancer-io/vmv2-examples,https://github.com/firedancer-io/vmv2-examples,context/watchlist only; not included in approved-gate Top repo score,False,False,False,firedancer-io,C,2024-09-13T05:02:28Z,855946589,1,1,firedancer-client,UTC
,,2026-05-23.solana-activity.v2,RSA implementation in pure Rust,2026-05-23T16:21:37.446336Z,0,jito-labs/RSA,https://github.com/jito-labs/RSA,context/watchlist only; not included in approved-gate Top repo score,False,True,False,jito-labs,,2024-05-04T20:59:12Z,795972263,0,1,mev/jito,UTC
,,2026-05-23.solana-activity.v2,,2026-05-23T16:21:37.446336Z,3,jito-labs/autoclock-validator,https://github.com/jito-labs/autoclock-validator,context/watchlist only; not included in approved-gate Top repo score,False,True,False,jito-labs,Python,2025-03-06T14:02:09Z,617040219,1,2,mev/jito;validator/rpc,UTC
,,2026-05-23.solana-activity.v2,,2026-05-23T16:21:37.446336Z,2,jito-labs/axum-jrpc,https://github.com/jito-labs/axum-jrpc,context/watchlist only; not included in approved-gate Top repo score,False,True,False,jito-labs,Rust,2024-07-02T20:21:47Z,741818144,0,2,mev/jito;validator/rpc,UTC
,,2026-05-23.solana-activity.v2,,2026-05-23T16:21:37.446336Z,0,jito-labs/bam-protos,https://github.com/jito-labs/bam-protos,context/watchlist only; not included in approved-gate Top repo score,False,False,False,jito-labs,,2026-04-14T19:06:17Z,924974015,1,1,mev/jito,UTC
,,2026-05-23.solana-activity.v2,Kinda functional block engine for testing bundles on jito-solana locally,2026-05-23T16:21:37.446336Z,11,jito-labs/block_engine_simple,https://github.com/jito-labs/block_engine_simple,context/watchlist only; not included in approved-gate Top repo score,False,False,False,jito-labs,Rust,2022-11-16T00:06:06Z,566515704,29,2,core-client/runtime;mev/jito,UTC
,,2026-05-23.solana-activity.v2,Rust bindings for Firedancer's ed25519 functions,2026-05-23T16:21:37.446336Z,3,jito-labs/fd_ed25519,https://github.com/jito-labs/fd_ed25519,context/watchlist only; not included in approved-gate Top repo score,False,False,False,jito-labs,Rust,2026-04-02T18:04:21Z,982818743,7,2,firedancer-client;mev/jito,UTC
,,2026-05-23.solana-activity.v2,,2026-05-23T16:21:37.446336Z,1,jito-labs/five8,https://github.com/jito-labs/five8,context/watchlist only; not included in approved-gate Top repo score,False,True,False,jito-labs,,2024-10-13T11:17:15Z,888058762,0,1,mev/jito,UTC
,,2026-05-23.solana-activity.v2,A rate-limiting library for Rust (f.k.a. ratelimit_meter),2026-05-23T16:21:37.446336Z,0,jito-labs/governor,https://github.com/jito-labs/governor,context/watchlist only; not included in approved-gate Top repo score,False,True,False,jito-labs,,2025-05-12T00:17:48Z,974310128,0,1,mev/jito,UTC
,,2026-05-23.solana-activity.v2,Jito Labs Documentation,2026-05-23T16:21:37.446336Z,8,jito-labs/jito-docs,https://github.com/jito-labs/jito-docs,context/watchlist only; not included in approved-gate Top repo score,False,False,False,jito-labs,,2026-04-07T21:44:41Z,845209933,21,1,mev/jito,UTC
,,2026-05-23.solana-activity.v2,,2026-05-23T16:21:37.446336Z,1,jito-labs/jito-drift-bots-v2,https://github.com/jito-labs/jito-drift-bots-v2,context/watchlist only; not included in approved-gate Top repo score,False,True,False,jito-labs,TypeScript,2023-03-31T15:21:25Z,601885612,6,1,mev/jito,UTC
,,2026-05-23.solana-activity.v2,Jito JSON-RPC Go SDK,2026-05-23T16:21:37.446336Z,7,jito-labs/jito-go-rpc,https://github.com/jito-labs/jito-go-rpc,context/watchlist only; not included in approved-gate Top repo score,False,False,False,jito-labs,Go,2025-06-03T22:24:40Z,851318014,51,3,core-client/runtime;mev/jito;validator/rpc,UTC
,,2026-05-23.solana-activity.v2,Jito JSON-RPC Typescript SDK,2026-05-23T16:21:37.446336Z,14,jito-labs/jito-js-rpc,https://github.com/jito-labs/jito-js-rpc,context/watchlist only; not included in approved-gate Top repo score,False,False,False,jito-labs,TypeScript,2025-06-15T22:14:13Z,851308070,88,3,core-client/runtime;mev/jito;validator/rpc,UTC
,,2026-05-23.solana-activity.v2,Jito Python JSON RPC SDK,2026-05-23T16:21:37.446336Z,10,jito-labs/jito-py-rpc,https://github.com/jito-labs/jito-py-rpc,context/watchlist only; not included in approved-gate Top repo score,False,False,False,jito-labs,Python,2025-06-03T22:12:18Z,830276925,72,3,core-client/runtime;mev/jito;validator/rpc,UTC
,,2026-05-23.solana-activity.v2,Jito's Python SDK,2026-05-23T16:21:37.446336Z,14,jito-labs/jito-python,https://github.com/jito-labs/jito-python,context/watchlist only; not included in approved-gate Top repo score,False,False,False,jito-labs,Python,2025-04-25T22:07:53Z,595215155,60,2,core-client/runtime;mev/jito,UTC
,,2026-05-23.solana-activity.v2,,2026-05-23T16:21:37.446336Z,18,jito-labs/jito-rs,https://github.com/jito-labs/jito-rs,context/watchlist only; not included in approved-gate Top repo score,False,False,False,jito-labs,Rust,2025-04-25T23:00:50Z,623064712,40,1,mev/jito,UTC
,,2026-05-23.solana-activity.v2,Jito JSON-RPC Rust SDK,2026-05-23T16:21:37.446336Z,42,jito-labs/jito-rust-rpc,https://github.com/jito-labs/jito-rust-rpc,context/watchlist only; not included in approved-gate Top repo score,False,False,False,jito-labs,Rust,2025-06-21T01:54:27Z,851263378,102,3,core-client/runtime;mev/jito;validator/rpc,UTC
,,2026-05-23.solana-activity.v2,Jito Typescript SDK,2026-05-23T16:21:37.446336Z,81,jito-labs/jito-ts,https://github.com/jito-labs/jito-ts,context/watchlist only; not included in approved-gate Top repo score,False,False,False,jito-labs,TypeScript,2025-11-01T16:24:04Z,593703052,197,2,core-client/runtime;mev/jito,UTC
,,2026-05-23.solana-activity.v2,,2026-05-23T16:21:37.446336Z,16,jito-labs/json-rpc-client,https://github.com/jito-labs/json-rpc-client,context/watchlist only; not included in approved-gate Top repo score,False,False,False,jito-labs,Rust,2025-04-25T22:05:21Z,740568504,15,2,mev/jito;validator/rpc,UTC
,,2026-05-23.solana-activity.v2,,2026-05-23T16:21:37.446336Z,1,jito-labs/jupiter-api-rust-example,https://github.com/jito-labs/jupiter-api-rust-example,context/watchlist only; not included in approved-gate Top repo score,False,True,False,jito-labs,Rust,2026-01-14T20:28:26Z,808253505,3,1,mev/jito,UTC
,,2026-05-23.solana-activity.v2,Mango Markets V3 Smart Contract,2026-05-23T16:21:37.446336Z,0,jito-labs/mango-v3,https://github.com/jito-labs/mango-v3,context/watchlist only; not included in approved-gate Top repo score,False,True,False,jito-labs,,2023-03-23T23:19:00Z,502200176,1,1,mev/jito,UTC
,,2026-05-23.solana-activity.v2,A tool for bulk downloading and exporting the account data inside Solana snapshots.,2026-05-23T16:21:37.446336Z,5,jito-labs/memento,https://github.com/jito-labs/memento,context/watchlist only; not included in approved-gate Top repo score,False,False,False,jito-labs,Rust,2025-04-25T22:06:37Z,726590963,38,2,core-client/runtime;mev/jito,UTC
,,2026-05-23.solana-activity.v2,,2026-05-23T16:21:37.446336Z,387,jito-labs/mev-bot,https://github.com/jito-labs/mev-bot,context/watchlist only; not included in approved-gate Top repo score,False,False,False,jito-labs,TypeScript,2025-04-25T22:04:47Z,608727797,1193,1,mev/jito,UTC
,,2026-05-23.solana-activity.v2,,2026-05-23T16:21:37.446336Z,1,jito-labs/mev-claim-reconciler,https://github.com/jito-labs/mev-claim-reconciler,context/watchlist only; not included in approved-gate Top repo score,True,False,False,jito-labs,Rust,2024-05-06T12:19:28Z,791010486,3,1,mev/jito,UTC
,,2026-05-23.solana-activity.v2,,2026-05-23T16:21:37.446336Z,26,jito-labs/mev-protos,https://github.com/jito-labs/mev-protos,context/watchlist only; not included in approved-gate Top repo score,False,False,False,jito-labs,,2025-07-23T17:59:07Z,464706758,93,1,mev/jito,UTC
,,2026-05-23.solana-activity.v2,"Rust client for NATS, the cloud native messaging system.",2026-05-23T16:21:37.446336Z,0,jito-labs/nats.rs,https://github.com/jito-labs/nats.rs,context/watchlist only; not included in approved-gate Top repo score,False,True,False,jito-labs,Rust,2026-02-20T21:22:06Z,720365008,1,1,mev/jito,UTC
,,2026-05-23.solana-activity.v2,Rust zeromq bindings.,2026-05-23T16:21:37.446336Z,1,jito-labs/rust-zmq,https://github.com/jito-labs/rust-zmq,context/watchlist only; not included in approved-gate Top repo score,False,True,False,jito-labs,Rust,2024-05-30T23:06:11Z,805602933,0,1,mev/jito,UTC
,,2026-05-23.solana-activity.v2,A modern TLS library in Rust,2026-05-23T16:21:37.446336Z,0,jito-labs/rustls,https://github.com/jito-labs/rustls,context/watchlist only; not included in approved-gate Top repo score,False,True,False,jito-labs,,2024-05-03T05:27:47Z,795344667,0,1,mev/jito,UTC
,,2026-05-23.solana-activity.v2,Searcher Examples,2026-05-23T16:21:37.446336Z,166,jito-labs/searcher-examples,https://github.com/jito-labs/searcher-examples,context/watchlist only; not included in approved-gate Top repo score,False,False,False,jito-labs,Rust,2025-10-21T13:08:22Z,518227571,431,1,mev/jito,UTC
,,2026-05-23.solana-activity.v2,Client for receiving shreds from Jito network,2026-05-23T16:21:37.446336Z,134,jito-labs/shredstream-proxy,https://github.com/jito-labs/shredstream-proxy,context/watchlist only; not included in approved-gate Top repo score,False,False,False,jito-labs,Rust,2026-02-25T00:29:15Z,585326112,236,1,mev/jito,UTC
,,2026-05-23.solana-activity.v2,,2026-05-23T16:21:37.446336Z,0,jito-labs/slack-gpt,https://github.com/jito-labs/slack-gpt,context/watchlist only; not included in approved-gate Top repo score,False,False,False,jito-labs,Python,2022-12-06T02:21:07Z,574725274,9,1,mev/jito,UTC
,,2026-05-23.solana-activity.v2,"Web-Scale Blockchain for fast, secure, scalable, decentralized apps and marketplaces.",2026-05-23T16:21:37.446336Z,0,jito-labs/solana,https://github.com/jito-labs/solana,context/watchlist only; not included in approved-gate Top repo score,False,True,False,jito-labs,,2024-08-07T19:09:32Z,839443487,0,2,core-client/runtime;mev/jito,UTC
,,2026-05-23.solana-activity.v2,Rust tool to efficiently unpack Solana snapshots,2026-05-23T16:21:37.446336Z,0,jito-labs/solana-snapshot-etl,https://github.com/jito-labs/solana-snapshot-etl,context/watchlist only; not included in approved-gate Top repo score,False,True,False,jito-labs,,2025-05-26T14:21:38Z,990372169,0,2,core-client/runtime;mev/jito,UTC
,,2026-05-23.solana-activity.v2,,2026-05-23T16:21:37.446336Z,1,jito-labs/solend-sdk,https://github.com/jito-labs/solend-sdk,context/watchlist only; not included in approved-gate Top repo score,False,False,False,jito-labs,Rust,2024-01-25T12:46:09Z,710946482,2,2,core-client/runtime;mev/jito,UTC
,,2026-05-23.solana-activity.v2,Rate Limiting middleware for Tower/Axum/Tonic/Hyper utilizing the governor crate,2026-05-23T16:21:37.446336Z,1,jito-labs/tower-governor,https://github.com/jito-labs/tower-governor,context/watchlist only; not included in approved-gate Top repo score,False,True,False,jito-labs,,2024-01-11T15:29:22Z,742009372,0,1,mev/jito,UTC
,,2026-05-23.solana-activity.v2,HTTP specific Tower utilities.,2026-05-23T16:21:37.446336Z,1,jito-labs/tower-http,https://github.com/jito-labs/tower-http,context/watchlist only; not included in approved-gate Top repo score,False,True,False,jito-labs,,2024-07-01T19:12:27Z,822760359,0,1,mev/jito,UTC
,,2026-05-23.solana-activity.v2,Minimal and free Kubernetes distribution with Terraform,2026-05-23T16:21:37.446336Z,0,jito-labs/typhoon,https://github.com/jito-labs/typhoon,context/watchlist only; not included in approved-gate Top repo score,False,True,False,jito-labs,HCL,2022-10-25T18:13:38Z,467190723,0,1,mev/jito,UTC
,,2026-05-23.solana-activity.v2,Dynamic Yield Infrastructure For Solana,2026-05-23T16:21:37.446336Z,0,jito-labs/vault-sdk,https://github.com/jito-labs/vault-sdk,context/watchlist only; not included in approved-gate Top repo score,False,True,False,jito-labs,,2023-08-16T04:13:47Z,689496540,0,2,core-client/runtime;mev/jito,UTC
,,2026-05-23.solana-activity.v2,"zenoh unifies data in motion, data in-use, data at rest and computations. It carefully blends traditional pub/sub with geo-distributed storages, queries and computations, while retaining a level of time and space efficiency that is well beyond any of the mainstream stacks.",2026-05-23T16:21:37.446336Z,0,jito-labs/zenoh,https://github.com/jito-labs/zenoh,context/watchlist only; not included in approved-gate Top repo score,False,True,False,jito-labs,Rust,2024-05-16T18:11:31Z,795214868,2,1,mev/jito,UTC
,,2026-05-23.solana-activity.v2,A rust binding for the zstd compression library.,2026-05-23T16:21:37.446336Z,0,jito-labs/zstd-rs,https://github.com/jito-labs/zstd-rs,context/watchlist only; not included in approved-gate Top repo score,False,True,False,jito-labs,,2024-06-23T17:30:34Z,816444310,1,1,mev/jito,UTC
,,2026-05-23.solana-activity.v2,Tracking SIMD Client Implementations,2026-05-23T16:21:37.446336Z,0,solana-foundation/SIMD-implementations,https://github.com/solana-foundation/SIMD-implementations,context/watchlist only; not included in approved-gate Top repo score,False,False,False,solana-foundation,,2024-02-23T20:33:03Z,755327483,0,2,consensus/alpenglow;core-client/runtime,UTC
,,2026-05-23.solana-activity.v2,Solana Request for Comments - Application standard discussions for the broader developer ecosystem,2026-05-23T16:21:37.446336Z,2,solana-foundation/SRFCs,https://github.com/solana-foundation/SRFCs,context/watchlist only; not included in approved-gate Top repo score,False,False,False,solana-foundation,,2025-08-05T18:39:52Z,1032733330,12,1,core-client/runtime,UTC
,,2026-05-23.solana-activity.v2,Audits for the Anchor framework,2026-05-23T16:21:37.446336Z,1,solana-foundation/anchor-audits,https://github.com/solana-foundation/anchor-audits,context/watchlist only; not included in approved-gate Top repo score,False,False,False,solana-foundation,,2025-12-11T04:24:12Z,1114219776,1,1,core-client/runtime,UTC
,,2026-05-23.solana-activity.v2,Public repo of AI tooling to help build on Solana,2026-05-23T16:21:37.446336Z,163,solana-foundation/awesome-solana-ai,https://github.com/solana-foundation/awesome-solana-ai,context/watchlist only; not included in approved-gate Top repo score,False,False,False,solana-foundation,,2026-03-27T20:34:01Z,1135980037,375,1,core-client/runtime,UTC
,,2026-05-23.solana-activity.v2,TypeScript utilities for using buffer-layout with Solana programs,2026-05-23T16:21:37.446336Z,2,solana-foundation/buffer-layout-utils,https://github.com/solana-foundation/buffer-layout-utils,context/watchlist only; not included in approved-gate Top repo score,False,True,False,solana-foundation,TypeScript,2025-07-31T03:04:05Z,1028592190,2,1,core-client/runtime,UTC
,,2026-05-23.solana-activity.v2,Modern toolkit for building Solana commerce applications,2026-05-23T16:21:37.446336Z,6,solana-foundation/commerce-kit,https://github.com/solana-foundation/commerce-kit,context/watchlist only; not included in approved-gate Top repo score,False,False,False,solana-foundation,TypeScript,2026-02-02T20:21:50Z,1029958174,21,1,core-client/runtime,UTC
,,2026-05-23.solana-activity.v2,Demo code for the compressed NFTs lesson in the Solana courses.,2026-05-23T16:21:37.446336Z,0,solana-foundation/compressed-nfts,https://github.com/solana-foundation/compressed-nfts,context/watchlist only; not included in approved-gate Top repo score,False,True,False,solana-foundation,TypeScript,2024-10-03T03:11:35Z,866859417,0,1,core-client/runtime,UTC
,,2026-05-23.solana-activity.v2,,2026-05-23T16:21:37.446336Z,2,solana-foundation/conf-speakers,https://github.com/solana-foundation/conf-speakers,context/watchlist only; not included in approved-gate Top repo score,False,False,False,solana-foundation,TypeScript,2026-05-07T23:13:42Z,1043007309,2,1,core-client/runtime,UTC
,,2026-05-23.solana-activity.v2,"Production-ready Solana wallet connector. A headless, framework-agnostic solution built on Wallet Standard.",2026-05-23T16:21:37.446336Z,13,solana-foundation/connectorkit,https://github.com/solana-foundation/connectorkit,context/watchlist only; not included in approved-gate Top repo score,False,False,False,solana-foundation,TypeScript,2026-05-23T05:42:14Z,1058474583,64,1,core-client/runtime,UTC
,,2026-05-23.solana-activity.v2,Repository for keeping track of meeting notes and agendas for the core community call,2026-05-23T16:21:37.446336Z,31,solana-foundation/core-community-call,https://github.com/solana-foundation/core-community-call,context/watchlist only; not included in approved-gate Top repo score,False,False,False,solana-foundation,,2025-11-20T16:04:28Z,587504359,30,1,core-client/runtime,UTC
,,2026-05-23.solana-activity.v2,The fastest way to create Solana apps 🚀 Templates 👉 https://github.com/solana-foundation/templates,2026-05-23T16:21:37.446336Z,194,solana-foundation/create-solana-dapp,https://github.com/solana-foundation/create-solana-dapp,context/watchlist only; not included in approved-gate Top repo score,False,False,False,solana-foundation,TypeScript,2026-05-23T12:19:48Z,489040653,627,1,core-client/runtime,UTC
,,2026-05-23.solana-activity.v2,A collection of resources to teach Solana in universities and bootcamps,2026-05-23T16:21:37.446336Z,59,solana-foundation/curriculum,https://github.com/solana-foundation/curriculum,context/watchlist only; not included in approved-gate Top repo score,False,False,False,solana-foundation,TypeScript,2026-01-13T14:47:18Z,984373472,189,1,core-client/runtime,UTC
,,2026-05-23.solana-activity.v2,Solana Design System,2026-05-23T16:21:37.446336Z,1,solana-foundation/design-system,https://github.com/solana-foundation/design-system,context/watchlist only; not included in approved-gate Top repo score,False,False,False,solana-foundation,TypeScript,2026-05-13T18:28:00Z,1131888009,1,1,core-client/runtime,UTC
,,2026-05-23.solana-activity.v2,"Collection of Developer content for exploring, learning, and building in the Solana ecosystem.",2026-05-23T16:21:37.446336Z,311,solana-foundation/developer-content,https://github.com/solana-foundation/developer-content,context/watchlist only; not included in approved-gate Top repo score,True,False,False,solana-foundation,TypeScript,2025-01-24T19:42:00Z,626044771,243,1,core-client/runtime,UTC
,,2026-05-23.solana-activity.v2,"AI skill for converting existing Ethereum contracts into Solana programs, while benefitting from Solana architecture and security",2026-05-23T16:21:37.446336Z,0,solana-foundation/eth-to-sol-skill,https://github.com/solana-foundation/eth-to-sol-skill,context/watchlist only; not included in approved-gate Top repo score,False,False,False,solana-foundation,,2026-05-22T19:47:25Z,1243710043,1,1,core-client/runtime,UTC
,,2026-05-23.solana-activity.v2,Explorer for Solana clusters,2026-05-23T16:21:37.446336Z,609,solana-foundation/explorer,https://github.com/solana-foundation/explorer,context/watchlist only; not included in approved-gate Top repo score,False,False,False,solana-foundation,TypeScript,2026-05-23T04:37:37Z,247022006,710,1,core-client/runtime,UTC
,,2026-05-23.solana-activity.v2,Explorer for Solana clusters,2026-05-23T16:21:37.446336Z,3,solana-foundation/explorer-fork-old,https://github.com/solana-foundation/explorer-fork-old,context/watchlist only; not included in approved-gate Top repo score,False,True,False,solana-foundation,,2024-05-24T11:20:17Z,769653609,1,1,core-client/runtime,UTC
,,2026-05-23.solana-activity.v2,R&D around payment channels,2026-05-23T16:21:37.446336Z,2,solana-foundation/fiber,https://github.com/solana-foundation/fiber,context/watchlist only; not included in approved-gate Top repo score,False,False,False,solana-foundation,Rust,2026-04-09T20:20:07Z,1204277442,1,2,core-client/runtime;payments/token,UTC
,,2026-05-23.solana-activity.v2,"Framework for Solana dApps: orchestrates wallets, transactions, and reactive freshness-aware data flows out of the box.",2026-05-23T16:21:37.446336Z,37,solana-foundation/framework-kit,https://github.com/solana-foundation/framework-kit,context/watchlist only; not included in approved-gate Top repo score,False,False,False,solana-foundation,TypeScript,2026-02-25T21:38:57Z,1090532839,85,1,core-client/runtime,UTC
,,2026-05-23.solana-activity.v2,🍻 Default formulae for the missing package manager for macOS (or Linux),2026-05-23T16:21:37.446336Z,1,solana-foundation/homebrew-core,https://github.com/solana-foundation/homebrew-core,context/watchlist only; not included in approved-gate Top repo score,False,True,False,solana-foundation,,2026-03-26T18:22:45Z,1192664234,0,1,core-client/runtime,UTC
,,2026-05-23.solana-activity.v2,"Defines the standard IDL format for Solana programs to enable tooling, explorers, and SDKs to interact with on-chain programs in a consistent way. Owned by the community coordinated by Solana Foundation. ",2026-05-23T16:21:37.446336Z,2,solana-foundation/idl-spec,https://github.com/solana-foundation/idl-spec,context/watchlist only; not included in approved-gate Top repo score,False,False,False,solana-foundation,,2026-04-23T14:22:03Z,1216961215,1,1,core-client/runtime,UTC
,,2026-05-23.solana-activity.v2,Implementation of a Solana relayer. Provides a lib and cli crate in order to enable signing experiences on Solana,2026-05-23T16:21:37.446336Z,254,solana-foundation/kora,https://github.com/solana-foundation/kora,context/watchlist only; not included in approved-gate Top repo score,False,False,False,solana-foundation,Rust,2026-05-21T16:10:09Z,896610144,178,2,core-client/runtime;payments/token,UTC
,,2026-05-23.solana-activity.v2,,2026-05-23T16:21:37.446336Z,0,solana-foundation/lastline,https://github.com/solana-foundation/lastline,context/watchlist only; not included in approved-gate Top repo score,False,False,False,solana-foundation,Rust,2026-04-23T19:57:33Z,1219154028,0,1,core-client/runtime,UTC
,,2026-05-23.solana-activity.v2,,2026-05-23T16:21:37.446336Z,4,solana-foundation/litesvm-docs,https://github.com/solana-foundation/litesvm-docs,context/watchlist only; not included in approved-gate Top repo score,False,False,False,solana-foundation,MDX,2026-04-24T19:40:42Z,1053022093,3,1,core-client/runtime,UTC
,,2026-05-23.solana-activity.v2,Payment rails made right. Award winning developer experience.,2026-05-23T16:21:37.446336Z,8,solana-foundation/moneymq,https://github.com/solana-foundation/moneymq,context/watchlist only; not included in approved-gate Top repo score,False,False,False,solana-foundation,Rust,2026-04-23T17:59:38Z,1086457462,29,2,core-client/runtime;payments/token,UTC
,,2026-05-23.solana-activity.v2,"TypeScript SDK, CLI, and dashboard for creating and managing Token-2022 tokens on Solana",2026-05-23T16:21:37.446336Z,13,solana-foundation/mosaic,https://github.com/solana-foundation/mosaic,context/watchlist only; not included in approved-gate Top repo score,False,False,False,solana-foundation,TypeScript,2026-04-29T12:31:02Z,1027940748,21,2,core-client/runtime;payments/token,UTC
,,2026-05-23.solana-activity.v2,,2026-05-23T16:21:37.446336Z,1,solana-foundation/mpp,https://github.com/solana-foundation/mpp,context/watchlist only; not included in approved-gate Top repo score,False,True,False,solana-foundation,TypeScript,2026-04-06T13:59:12Z,1190785566,0,1,core-client/runtime,UTC
,,2026-05-23.solana-activity.v2,Solana payment method for the Machine Payments Protocol.,2026-05-23T16:21:37.446336Z,14,solana-foundation/mpp-sdk,https://github.com/solana-foundation/mpp-sdk,context/watchlist only; not included in approved-gate Top repo score,False,False,False,solana-foundation,Rust,2026-05-22T23:22:35Z,1185407216,59,2,core-client/runtime;payments/token,UTC
,,2026-05-23.solana-activity.v2,"Specifications for the Machine Payments Protocol - powered by the ""Payment"" HTTP authentication scheme",2026-05-23T16:21:37.446336Z,3,solana-foundation/mpp-specs,https://github.com/solana-foundation/mpp-specs,context/watchlist only; not included in approved-gate Top repo score,False,True,False,solana-foundation,Python,2026-05-19T15:36:54Z,1185463227,0,2,core-client/runtime;payments/token,UTC
,,2026-05-23.solana-activity.v2,Command-line tool that simplifies the development and testing of Solana blockchain programs.,2026-05-23T16:21:37.446336Z,20,solana-foundation/mucho,https://github.com/solana-foundation/mucho,context/watchlist only; not included in approved-gate Top repo score,False,False,False,solana-foundation,TypeScript,2025-04-21T17:57:05Z,906697592,93,1,core-client/runtime,UTC
,,2026-05-23.solana-activity.v2,,2026-05-23T16:21:37.446336Z,6,solana-foundation/no-dna,https://github.com/solana-foundation/no-dna,context/watchlist only; not included in approved-gate Top repo score,False,False,False,solana-foundation,TypeScript,2026-04-05T21:52:30Z,1180057611,4,1,core-client/runtime,UTC
,,2026-05-23.solana-activity.v2,Examples using Noir & Sunspot for ZK Proofs on Solana,2026-05-23T16:21:37.446336Z,7,solana-foundation/noir-examples,https://github.com/solana-foundation/noir-examples,context/watchlist only; not included in approved-gate Top repo score,False,False,False,solana-foundation,TypeScript,2026-04-02T12:48:37Z,1118319567,34,1,core-client/runtime,UTC
,,2026-05-23.solana-activity.v2,Let your agents pay for any API,2026-05-23T16:21:37.446336Z,566,solana-foundation/pay,https://github.com/solana-foundation/pay,context/watchlist only; not included in approved-gate Top repo score,False,False,False,solana-foundation,Rust,2026-05-20T21:12:02Z,418771317,1686,2,core-client/runtime;payments/token,UTC
,,2026-05-23.solana-activity.v2,,2026-05-23T16:21:37.446336Z,49,solana-foundation/pay-skills,https://github.com/solana-foundation/pay-skills,context/watchlist only; not included in approved-gate Top repo score,False,False,False,solana-foundation,,2026-05-21T14:50:32Z,1209522358,6,2,core-client/runtime;payments/token,UTC
,,2026-05-23.solana-activity.v2,solana ping api server,2026-05-23T16:21:37.446336Z,0,solana-foundation/ping-api,https://github.com/solana-foundation/ping-api,context/watchlist only; not included in approved-gate Top repo score,False,True,False,solana-foundation,,2024-02-05T06:46:37Z,774084071,0,1,core-client/runtime,UTC
,,2026-05-23.solana-activity.v2,An Open Source Solana Portfolio,2026-05-23T16:21:37.446336Z,1,solana-foundation/portfolio,https://github.com/solana-foundation/portfolio,context/watchlist only; not included in approved-gate Top repo score,False,False,False,solana-foundation,TypeScript,2026-05-11T15:01:43Z,1183529204,6,1,core-client/runtime,UTC
,,2026-05-23.solana-activity.v2,Verify SIMD feature activations on Solana networks.,2026-05-23T16:21:37.446336Z,1,solana-foundation/simd-checker,https://github.com/solana-foundation/simd-checker,context/watchlist only; not included in approved-gate Top repo score,False,False,False,solana-foundation,Rust,2026-05-22T17:13:14Z,1185676204,1,2,consensus/alpenglow;core-client/runtime,UTC
,,2026-05-23.solana-activity.v2,https://www.npmjs.com/package/sas-lib,2026-05-23T16:21:37.446336Z,34,solana-foundation/solana-attestation-service,https://github.com/solana-foundation/solana-attestation-service,context/watchlist only; not included in approved-gate Top repo score,False,False,False,solana-foundation,Rust,2025-12-01T18:59:17Z,931863287,69,2,core-client/runtime;payments/token,UTC
,,2026-05-23.solana-activity.v2,,2026-05-23T16:21:37.446336Z,6,solana-foundation/solana-attestation-site,https://github.com/solana-foundation/solana-attestation-site,context/watchlist only; not included in approved-gate Top repo score,False,False,False,solana-foundation,TypeScript,2025-07-18T18:32:18Z,971293743,4,2,core-client/runtime;payments/token,UTC
,,2026-05-23.solana-activity.v2,Solana Bootcamp for developers 2026,2026-05-23T16:21:37.446336Z,20,solana-foundation/solana-bootcamp-2026,https://github.com/solana-foundation/solana-bootcamp-2026,context/watchlist only; not included in approved-gate Top repo score,False,False,False,solana-foundation,TypeScript,2026-04-09T17:15:48Z,1099874510,75,1,core-client/runtime,UTC
,,2026-05-23.solana-activity.v2,The solana.com website.,2026-05-23T16:21:37.446336Z,344,solana-foundation/solana-com,https://github.com/solana-foundation/solana-com,context/watchlist only; not included in approved-gate Top repo score,False,False,False,solana-foundation,MDX,2026-05-23T00:02:48Z,826266099,469,1,core-client/runtime,UTC
,,2026-05-23.solana-activity.v2,Solana Model Context Protocol (MCP) Demo,2026-05-23T16:21:37.446336Z,27,solana-foundation/solana-dev-mcp,https://github.com/solana-foundation/solana-dev-mcp,context/watchlist only; not included in approved-gate Top repo score,False,False,False,solana-foundation,TypeScript,2025-03-10T13:29:36Z,945657447,43,1,core-client/runtime,UTC
,,2026-05-23.solana-activity.v2,Skills for agentic development on Solana,2026-05-23T16:21:37.446336Z,111,solana-foundation/solana-dev-skill,https://github.com/solana-foundation/solana-dev-skill,context/watchlist only; not included in approved-gate Top repo score,False,False,False,solana-foundation,TypeScript,2026-05-22T22:41:56Z,1132741163,507,1,core-client/runtime,UTC
,,2026-05-23.solana-activity.v2,An example data crawler for understanding the number of developers in the Solana ecosystem,2026-05-23T16:21:37.446336Z,7,solana-foundation/solana-developer-data,https://github.com/solana-foundation/solana-developer-data,context/watchlist only; not included in approved-gate Top repo score,False,False,False,solana-foundation,JavaScript,2023-06-30T15:56:46Z,590526726,23,1,core-client/runtime,UTC
,,2026-05-23.solana-activity.v2,Solana Developer Platform API and Dashboard,2026-05-23T16:21:37.446336Z,1,solana-foundation/solana-developer-platform,https://github.com/solana-foundation/solana-developer-platform,context/watchlist only; not included in approved-gate Top repo score,False,False,False,solana-foundation,TypeScript,2026-05-22T16:54:02Z,1144274248,17,1,core-client/runtime,UTC
,,2026-05-23.solana-activity.v2,Go SDK library and RPC client for the Solana Blockchain,2026-05-23T16:21:37.446336Z,431,solana-foundation/solana-go,https://github.com/solana-foundation/solana-go,context/watchlist only; not included in approved-gate Top repo score,False,False,False,solana-foundation,Go,2026-05-08T05:00:16Z,381333195,1553,2,core-client/runtime;validator/rpc,UTC
,,2026-05-23.solana-activity.v2,Tooling for on chain voting for core protocol governance.,2026-05-23T16:21:37.446336Z,5,solana-foundation/solana-governance,https://github.com/solana-foundation/solana-governance,context/watchlist only; not included in approved-gate Top repo score,False,False,False,solana-foundation,TypeScript,2026-05-23T11:45:08Z,1166969507,4,1,core-client/runtime,UTC
,,2026-05-23.solana-activity.v2,,2026-05-23T16:21:37.446336Z,9,solana-foundation/solana-gym-env,https://github.com/solana-foundation/solana-gym-env,context/watchlist only; not included in approved-gate Top repo score,False,False,False,solana-foundation,Python,2025-08-28T01:08:38Z,1012501933,12,1,core-client/runtime,UTC
,,2026-05-23.solana-activity.v2,Solana IMprovement Documents (SIMDs) describe proposed and accepted changes to the Solana protocol.,2026-05-23T16:21:37.446336Z,296,solana-foundation/solana-improvement-documents,https://github.com/solana-foundation/solana-improvement-documents,context/watchlist only; not included in approved-gate Top repo score,False,False,False,solana-foundation,,2026-05-16T04:15:29Z,553023373,432,2,consensus/alpenglow;core-client/runtime,UTC
,,2026-05-23.solana-activity.v2,A drop-in replacement for `solana_program::program::invoke*` with better compute and heap efficiency.,2026-05-23T16:21:37.446336Z,3,solana-foundation/solana-invoke,https://github.com/solana-foundation/solana-invoke,context/watchlist only; not included in approved-gate Top repo score,False,True,False,solana-foundation,Rust,2025-11-26T21:11:01Z,1037751707,1,1,core-client/runtime,UTC
,,2026-05-23.solana-activity.v2,"Framework-agnostic Solana transaction signing with multiple backends. Unified trait interface, async-first design, and feature-gated compilation for minimal dependencies.",2026-05-23T16:21:37.446336Z,30,solana-foundation/solana-keychain,https://github.com/solana-foundation/solana-keychain,context/watchlist only; not included in approved-gate Top repo score,False,False,False,solana-foundation,TypeScript,2026-05-21T16:11:11Z,1070974577,61,1,core-client/runtime,UTC
,,2026-05-23.solana-activity.v2,,2026-05-23T16:21:37.446336Z,23,solana-foundation/solana-mcp-official,https://github.com/solana-foundation/solana-mcp-official,context/watchlist only; not included in approved-gate Top repo score,False,False,False,solana-foundation,TypeScript,2026-05-22T13:29:37Z,955567570,80,1,core-client/runtime,UTC
,,2026-05-23.solana-activity.v2,Scaffold gen for marketing sites,2026-05-23T16:21:37.446336Z,3,solana-foundation/solana-ms-scaffold-kit,https://github.com/solana-foundation/solana-ms-scaffold-kit,context/watchlist only; not included in approved-gate Top repo score,False,False,False,solana-foundation,TypeScript,2025-12-01T21:17:01Z,992719190,0,1,core-client/runtime,UTC
,,2026-05-23.solana-activity.v2,Components and packages for marketing site/page gen ,2026-05-23T16:21:37.446336Z,4,solana-foundation/solana-ms-tools,https://github.com/solana-foundation/solana-ms-tools,context/watchlist only; not included in approved-gate Top repo score,False,False,False,solana-foundation,TypeScript,2026-02-01T13:34:13Z,992714476,0,1,core-client/runtime,UTC
,,2026-05-23.solana-activity.v2,Solana Pay for Commerce Platforms,2026-05-23T16:21:37.446336Z,1,solana-foundation/solana-payments-app,https://github.com/solana-foundation/solana-payments-app,context/watchlist only; not included in approved-gate Top repo score,False,True,False,solana-foundation,TypeScript,2025-08-20T14:52:02Z,1041471866,0,2,core-client/runtime;payments/token,UTC
,,2026-05-23.solana-activity.v2,"Quickly develop, deploy and test Solana programs from browsers",2026-05-23T16:21:37.446336Z,4,solana-foundation/solana-playground,https://github.com/solana-foundation/solana-playground,context/watchlist only; not included in approved-gate Top repo score,False,True,False,solana-foundation,Rust,2026-05-08T23:05:54Z,1003072868,5,1,core-client/runtime,UTC
,,2026-05-23.solana-activity.v2,,2026-05-23T16:21:37.446336Z,16,solana-foundation/solana-private-channels,https://github.com/solana-foundation/solana-private-channels,context/watchlist only; not included in approved-gate Top repo score,False,False,False,solana-foundation,Rust,2026-05-22T21:54:40Z,1143394237,50,1,core-client/runtime,UTC
,,2026-05-23.solana-activity.v2,SPL for working on docs,2026-05-23T16:21:37.446336Z,2,solana-foundation/solana-program-library,https://github.com/solana-foundation/solana-program-library,context/watchlist only; not included in approved-gate Top repo score,False,True,False,solana-foundation,,2025-07-11T18:44:25Z,1018143553,1,2,core-client/runtime;payments/token,UTC
,,2026-05-23.solana-activity.v2,Solana Record Service,2026-05-23T16:21:37.446336Z,13,solana-foundation/solana-record-service,https://github.com/solana-foundation/solana-record-service,context/watchlist only; not included in approved-gate Top repo score,False,False,False,solana-foundation,Rust,2026-05-02T04:05:07Z,962815851,13,1,core-client/runtime,UTC
,,2026-05-23.solana-activity.v2,,2026-05-23T16:21:37.446336Z,1,solana-foundation/solana-record-site,https://github.com/solana-foundation/solana-record-site,context/watchlist only; not included in approved-gate Top repo score,False,False,False,solana-foundation,TypeScript,2025-05-19T14:37:23Z,985913503,0,1,core-client/runtime,UTC
,,2026-05-23.solana-activity.v2,A repository for requesting new solana validator client identities that all validator clients must implement.,2026-05-23T16:21:37.446336Z,8,solana-foundation/solana-validator-client-ids,https://github.com/solana-foundation/solana-validator-client-ids,context/watchlist only; not included in approved-gate Top repo score,False,False,False,solana-foundation,,2026-05-18T13:23:22Z,1087391266,2,2,core-client/runtime;validator/rpc,UTC
,,2026-05-23.solana-activity.v2,CLI tool for deterministically building and verifying executable against on-chain programs or buffer accounts,2026-05-23T16:21:37.446336Z,208,solana-foundation/solana-verifiable-build,https://github.com/solana-foundation/solana-verifiable-build,context/watchlist only; not included in approved-gate Top repo score,False,False,False,solana-foundation,Dockerfile,2026-05-22T19:19:18Z,594241223,458,1,core-client/runtime,UTC
,,2026-05-23.solana-activity.v2,Solana JavaScript SDK,2026-05-23T16:21:37.446336Z,1058,solana-foundation/solana-web3.js,https://github.com/solana-foundation/solana-web3.js,context/watchlist only; not included in approved-gate Top repo score,False,False,False,solana-foundation,TypeScript,2026-05-23T15:03:50Z,145759605,2720,1,core-client/runtime,UTC
,,2026-05-23.solana-activity.v2,"Protocol specifications of the Solana network, maintained by various protocol teams.",2026-05-23T16:21:37.446336Z,32,solana-foundation/specs,https://github.com/solana-foundation/specs,context/watchlist only; not included in approved-gate Top repo score,False,False,False,solana-foundation,Python,2025-05-15T19:21:37Z,553059890,144,1,core-client/runtime,UTC
,,2026-05-23.solana-activity.v2,Solana Foundation stake bot used on the Solana Testnet and Mainnet-Beta,2026-05-23T16:21:37.446336Z,93,solana-foundation/stake-o-matic,https://github.com/solana-foundation/stake-o-matic,context/watchlist only; not included in approved-gate Top repo score,False,False,False,solana-foundation,Shell,2024-03-27T21:38:30Z,351145120,145,1,core-client/runtime,UTC
,,2026-05-23.solana-activity.v2,Surfpool is where developers start their Solana journey.,2026-05-23T16:21:37.446336Z,147,solana-foundation/surfpool,https://github.com/solana-foundation/surfpool,context/watchlist only; not included in approved-gate Top repo score,False,False,False,solana-foundation,Rust,2026-05-22T17:08:28Z,924147749,559,1,core-client/runtime,UTC
,,2026-05-23.solana-activity.v2,,2026-05-23T16:21:37.446336Z,1,solana-foundation/surfpool-web-ui,https://github.com/solana-foundation/surfpool-web-ui,context/watchlist only; not included in approved-gate Top repo score,False,False,False,solana-foundation,TypeScript,2026-05-12T20:52:44Z,1021461985,1,1,core-client/runtime,UTC
,,2026-05-23.solana-activity.v2,Official templates for create-solana-dapp 🚀 CLI 👉 https://github.com/solana-foundation/create-solana-dapp,2026-05-23T16:21:37.446336Z,85,solana-foundation/templates,https://github.com/solana-foundation/templates,context/watchlist only; not included in approved-gate Top repo score,False,False,False,solana-foundation,TypeScript,2026-05-22T15:25:08Z,930411852,93,1,core-client/runtime,UTC
,,2026-05-23.solana-activity.v2,Template marketplace for Solana!,2026-05-23T16:21:37.446336Z,3,solana-foundation/templates-site,https://github.com/solana-foundation/templates-site,context/watchlist only; not included in approved-gate Top repo score,True,False,False,solana-foundation,TypeScript,2025-11-04T16:56:38Z,1025862458,5,1,core-client/runtime,UTC
,,2026-05-23.solana-activity.v2,,2026-05-23T16:21:37.446336Z,5,solana-foundation/token-acl,https://github.com/solana-foundation/token-acl,context/watchlist only; not included in approved-gate Top repo score,False,False,False,solana-foundation,Rust,2026-03-05T00:01:15Z,1004252832,4,2,core-client/runtime;payments/token,UTC
,,2026-05-23.solana-activity.v2,,2026-05-23T16:21:37.446336Z,6,solana-foundation/token-acl-gate,https://github.com/solana-foundation/token-acl-gate,context/watchlist only; not included in approved-gate Top repo score,False,False,False,solana-foundation,Rust,2026-05-05T18:57:59Z,1041341864,1,2,core-client/runtime;payments/token,UTC
,,2026-05-23.solana-activity.v2,,2026-05-23T16:21:37.446336Z,2,solana-foundation/token-helpers,https://github.com/solana-foundation/token-helpers,context/watchlist only; not included in approved-gate Top repo score,False,False,False,solana-foundation,TypeScript,2026-01-09T13:02:54Z,1100831512,3,2,core-client/runtime;payments/token,UTC
,,2026-05-23.solana-activity.v2,"Terraform for web3. Reproducible deployments and secure operations for Bitcoin, Ethereum and Solana.",2026-05-23T16:21:37.446336Z,31,solana-foundation/txtx,https://github.com/solana-foundation/txtx,context/watchlist only; not included in approved-gate Top repo score,False,False,False,solana-foundation,Rust,2026-05-12T20:44:46Z,750132754,150,1,core-client/runtime,UTC
,,2026-05-23.solana-activity.v2,,2026-05-23T16:21:37.446336Z,1,solana-foundation/txtx-supervisor-ui,https://github.com/solana-foundation/txtx-supervisor-ui,context/watchlist only; not included in approved-gate Top repo score,False,False,False,solana-foundation,TypeScript,2026-03-24T20:34:00Z,755385010,0,1,core-client/runtime,UTC
,,2026-05-23.solana-activity.v2,This repository defines APIs used to interface between functional components within the Solana validator reference implementation,2026-05-23T16:21:37.446336Z,1,solana-foundation/validator-apis,https://github.com/solana-foundation/validator-apis,context/watchlist only; not included in approved-gate Top repo score,False,False,False,solana-foundation,,2022-10-17T16:03:50Z,553038111,2,2,core-client/runtime;validator/rpc,UTC
,,2026-05-23.solana-activity.v2,,2026-05-23T16:21:37.446336Z,1,solana-foundation/x402-sdk,https://github.com/solana-foundation/x402-sdk,context/watchlist only; not included in approved-gate Top repo score,False,False,False,solana-foundation,TypeScript,2026-05-19T17:01:13Z,1207429741,1,1,core-client/runtime,UTC
