window_end,window_start,created_at,dataset_version,default_branch,description,fetch_timestamp,forks,full_name,html_url,is_archived,is_fork,is_template,node_id,open_issues,primary_language,pushed_at,repo_id,scan_org,scan_scope,stars,timezone,updated_at,visibility,zero_low_activity_note
,,2024-01-30T05:25:31Z,2026-05-23.solana-activity.v2,master,"Web-Scale Blockchain for fast, secure, scalable, decentralized apps and marketplaces.",2026-05-23T16:21:37.446336Z,1034,anza-xyz/agave,https://github.com/anza-xyz/agave,False,True,False,R_kgDOLLaalA,658,Rust,2026-05-22T22:02:04Z,750164628,anza-xyz,mandatory,1799,UTC,2026-05-23T12:57:14Z,public,computed in repo_activity_metrics and repo_ranking
,,2026-05-13T03:10:58Z,2026-05-23.solana-activity.v2,master,"Web-Scale Blockchain for fast, secure, scalable, decentralized apps and marketplaces.",2026-05-23T16:21:37.446336Z,0,anza-xyz/agave-devops,https://github.com/anza-xyz/agave-devops,False,True,False,R_kgDOSb9HEg,0,,2026-05-13T00:29:03Z,1237272338,anza-xyz,mandatory,0,UTC,2026-05-13T03:10:58Z,public,computed in repo_activity_metrics and repo_ranking
,,2024-09-29T11:22:31Z,2026-05-23.solana-activity.v2,master,A Geyser plugin using Postgres as the data store. ,2026-05-23T16:21:37.446336Z,8,anza-xyz/agave-geyser-plugin-postgres,https://github.com/anza-xyz/agave-geyser-plugin-postgres,False,True,False,R_kgDOM4zG4w,0,Rust,2025-08-18T18:49:18Z,864863971,anza-xyz,mandatory,16,UTC,2026-05-15T02:11:14Z,public,computed in repo_activity_metrics and repo_ranking
,,2026-05-13T03:19:49Z,2026-05-23.solana-activity.v2,master,"Web-Scale Blockchain for fast, secure, scalable, decentralized apps and marketplaces.",2026-05-23T16:21:37.446336Z,0,anza-xyz/agave-runtime,https://github.com/anza-xyz/agave-runtime,False,True,False,R_kgDOSb9baA,0,,2026-05-13T00:29:03Z,1237277544,anza-xyz,mandatory,0,UTC,2026-05-13T03:19:49Z,public,computed in repo_activity_metrics and repo_ranking
,,2026-02-17T20:07:16Z,2026-05-23.solana-activity.v2,master,,2026-05-23T16:21:37.446336Z,3,anza-xyz/agave-xdp-compatibility,https://github.com/anza-xyz/agave-xdp-compatibility,False,False,False,R_kgDORSkrNQ,0,Rust,2026-04-20T19:43:25Z,1160325941,anza-xyz,mandatory,6,UTC,2026-05-18T01:30:39Z,public,computed in repo_activity_metrics and repo_ranking
,,2025-01-28T20:49:02Z,2026-05-23.solana-activity.v2,master,,2026-05-23T16:21:37.446336Z,47,anza-xyz/alpenglow,https://github.com/anza-xyz/alpenglow,False,False,False,R_kgDONxADDQ,50,Rust,2026-05-12T15:05:14Z,923796237,anza-xyz,mandatory,77,UTC,2026-05-21T12:37:55Z,public,computed in repo_activity_metrics and repo_ranking
,,2024-04-15T17:44:16Z,2026-05-23.solana-activity.v2,master,UDP and QUIC dos test for buildkite using bench-tps utility,2026-05-23T16:21:37.446336Z,1,anza-xyz/bench-tps-dos-test,https://github.com/anza-xyz/bench-tps-dos-test,True,True,False,R_kgDOLuirzw,0,Shell,2024-05-29T04:09:16Z,787000271,anza-xyz,mandatory,0,UTC,2026-05-13T12:48:48Z,public,computed in repo_activity_metrics and repo_ranking
,,2022-06-03T15:17:58Z,2026-05-23.solana-activity.v2,solana-1.89.0,The Rust package manager,2026-05-23T16:21:37.446336Z,61,anza-xyz/cargo,https://github.com/anza-xyz/cargo,False,True,False,R_kgDOHcamCw,0,Rust,2026-03-03T19:31:22Z,499557899,anza-xyz,mandatory,5,UTC,2026-05-09T02:34:14Z,public,computed in repo_activity_metrics and repo_ranking
,,2026-03-19T14:00:29Z,2026-05-23.solana-activity.v2,master,,2026-05-23T16:21:37.446336Z,6,anza-xyz/cargo-build-sbf,https://github.com/anza-xyz/cargo-build-sbf,False,False,False,R_kgDORrXUjg,6,Rust,2026-05-22T08:27:06Z,1186321550,anza-xyz,mandatory,0,UTC,2026-05-20T15:17:38Z,public,computed in repo_activity_metrics and repo_ranking
,,2025-01-24T09:21:01Z,2026-05-23.solana-activity.v2,main,Cargo subcommand to provide various options useful for testing and continuous integration.,2026-05-23T16:21:37.446336Z,2,anza-xyz/cargo-hack,https://github.com/anza-xyz/cargo-hack,False,True,False,R_kgDONu6nvA,0,,2025-01-24T13:12:23Z,921610172,anza-xyz,mandatory,1,UTC,2026-05-20T14:40:55Z,public,computed in repo_activity_metrics and repo_ranking
,,2021-05-07T14:39:02Z,2026-05-23.solana-activity.v2,master,Cargo command to compile and run BPF test,2026-05-23T16:21:37.446336Z,13,anza-xyz/cargo-run-solana-tests,https://github.com/anza-xyz/cargo-run-solana-tests,False,False,False,MDEwOlJlcG9zaXRvcnkzNjUyNjI5MDU=,0,Rust,2026-01-28T19:10:38Z,365262905,anza-xyz,mandatory,9,UTC,2026-05-07T13:05:32Z,public,computed in repo_activity_metrics and repo_ranking
,,2026-03-28T15:36:50Z,2026-05-23.solana-activity.v2,main,Claude Code skills for security engineering,2026-05-23T16:21:37.446336Z,0,anza-xyz/claude-skills,https://github.com/anza-xyz/claude-skills,False,False,False,R_kgDORzRTqA,0,,2026-03-28T16:44:15Z,1194611624,anza-xyz,mandatory,1,UTC,2026-05-21T02:54:46Z,public,computed in repo_activity_metrics and repo_ranking
,,2019-02-16T00:29:53Z,2026-05-23.solana-activity.v2,solana-0.1.160,Porting `compiler-rt` intrinsics to Rust,2026-05-23T16:21:37.446336Z,12,anza-xyz/compiler-builtins,https://github.com/anza-xyz/compiler-builtins,False,True,False,MDEwOlJlcG9zaXRvcnkxNzA5NDU5MDY=,0,Rust,2026-03-03T19:32:14Z,170945906,anza-xyz,mandatory,7,UTC,2026-05-07T13:05:31Z,public,computed in repo_activity_metrics and repo_ranking
,,2022-08-04T04:27:44Z,2026-05-23.solana-activity.v2,master,Tools for concurrent programming in Rust,2026-05-23T16:21:37.446336Z,8,anza-xyz/crossbeam,https://github.com/anza-xyz/crossbeam,False,True,False,R_kgDOHw-xsQ,0,,2022-08-04T04:33:21Z,521122225,anza-xyz,mandatory,7,UTC,2026-05-09T02:34:17Z,public,computed in repo_activity_metrics and repo_ranking
,,2026-03-03T04:06:09Z,2026-05-23.solana-activity.v2,master,,2026-05-23T16:21:37.446336Z,5,anza-xyz/cryptography,https://github.com/anza-xyz/cryptography,False,False,False,R_kgDORdBrKw,1,Rust,2026-05-21T01:05:32Z,1171286827,anza-xyz,mandatory,0,UTC,2026-05-20T02:23:14Z,public,computed in repo_activity_metrics and repo_ranking
,,2023-10-13T19:36:54Z,2026-05-23.solana-activity.v2,main,A pure-Rust implementation of group operations on Ristretto and Curve25519,2026-05-23T16:21:37.446336Z,69,anza-xyz/curve25519-dalek,https://github.com/anza-xyz/curve25519-dalek,False,True,False,R_kgDOKgB0CA,0,Rust,2024-07-15T06:00:00Z,704672776,anza-xyz,mandatory,7,UTC,2025-03-16T12:21:47Z,public,computed in repo_activity_metrics and repo_ranking
,,2022-11-19T07:58:53Z,2026-05-23.solana-activity.v2,main,ESLint rules to be shared across all Solana Labs projects,2026-05-23T16:21:37.446336Z,13,anza-xyz/eslint-config-solana,https://github.com/anza-xyz/eslint-config-solana,False,False,False,R_kgDOIdtkOw,1,JavaScript,2025-12-16T19:35:05Z,568026171,anza-xyz,mandatory,17,UTC,2026-05-09T02:34:22Z,public,computed in repo_activity_metrics and repo_ranking
,,2022-08-29T00:18:15Z,2026-05-23.solana-activity.v2,master,,2026-05-23T16:21:37.446336Z,13,anza-xyz/eslint-plugin-require-extensions,https://github.com/anza-xyz/eslint-plugin-require-extensions,False,False,False,R_kgDOH5dcpg,10,JavaScript,2024-08-03T14:39:34Z,530013350,anza-xyz,mandatory,64,UTC,2026-05-09T02:34:19Z,public,computed in repo_activity_metrics and repo_ranking
,,2024-09-05T20:36:07Z,2026-05-23.solana-activity.v2,main,"A Solana project geared towards realtime indexing, research, and backfilling with support for all epochs in the history of Solana mainnet, capable of 2.7M TPS+",2026-05-23T16:21:37.446336Z,46,anza-xyz/jetstreamer,https://github.com/anza-xyz/jetstreamer,False,False,False,R_kgDOMtf4tw,8,Rust,2026-05-18T13:57:29Z,853014711,anza-xyz,mandatory,200,UTC,2026-05-22T19:00:44Z,public,computed in repo_activity_metrics and repo_ranking
,,2024-12-13T01:09:53Z,2026-05-23.solana-activity.v2,main,Solana JavaScript SDK,2026-05-23T16:21:37.446336Z,181,anza-xyz/kit,https://github.com/anza-xyz/kit,False,False,False,R_kgDONc0xOQ,64,TypeScript,2026-05-22T10:29:30Z,902639929,anza-xyz,mandatory,685,UTC,2026-05-22T10:29:33Z,public,computed in repo_activity_metrics and repo_ranking
,,2025-12-17T12:38:04Z,2026-05-23.solana-activity.v2,main,Plugins and presets to extend your Kit clients.,2026-05-23T16:21:37.446336Z,7,anza-xyz/kit-plugins,https://github.com/anza-xyz/kit-plugins,False,False,False,R_kgDOQqas5A,4,TypeScript,2026-05-20T14:54:25Z,1118219492,anza-xyz,mandatory,15,UTC,2026-05-20T15:05:57Z,public,computed in repo_activity_metrics and repo_ranking
,,2025-10-02T19:06:33Z,2026-05-23.solana-activity.v2,main,Poseidon hash implementation in Rust,2026-05-23T16:21:37.446336Z,1,anza-xyz/light-poseidon,https://github.com/anza-xyz/light-poseidon,False,True,False,R_kgDOP7L2jQ,0,,2025-09-16T14:26:07Z,1068693133,anza-xyz,mandatory,0,UTC,2025-10-02T19:06:33Z,public,computed in repo_activity_metrics and repo_ranking
,,2019-02-13T21:41:36Z,2026-05-23.solana-activity.v2,solana-rustc/20.1-2025-02-13,Rust-specific fork of LLVM.,2026-05-23T16:21:37.446336Z,45,anza-xyz/llvm-project,https://github.com/anza-xyz/llvm-project,False,True,False,MDEwOlJlcG9zaXRvcnkxNzA1ODM4NDQ=,4,LLVM,2026-04-24T14:15:04Z,170583844,anza-xyz,mandatory,34,UTC,2026-05-07T11:40:28Z,public,computed in repo_activity_metrics and repo_ranking
,,2024-04-15T17:52:01Z,2026-05-23.solana-activity.v2,main,mango_bencher project,2026-05-23T16:21:37.446336Z,0,anza-xyz/mango-simulation-dos,https://github.com/anza-xyz/mango-simulation-dos,True,True,False,R_kgDOLui4NQ,0,,2023-11-01T04:27:23Z,787003445,anza-xyz,mandatory,1,UTC,2026-05-13T12:48:43Z,public,computed in repo_activity_metrics and repo_ranking
,,2025-10-13T18:54:33Z,2026-05-23.solana-activity.v2,master,For MCP development,2026-05-23T16:21:37.446336Z,3,anza-xyz/mcp,https://github.com/anza-xyz/mcp,False,True,False,R_kgDOQBy62Q,41,Rust,2026-01-24T02:10:21Z,1075624665,anza-xyz,mandatory,6,UTC,2026-03-20T13:40:56Z,public,computed in repo_activity_metrics and repo_ranking
,,2024-06-10T22:13:18Z,2026-05-23.solana-activity.v2,main,SVM program test harness,2026-05-23T16:21:37.446336Z,71,anza-xyz/mollusk,https://github.com/anza-xyz/mollusk,False,False,False,R_kgDOMHqBcQ,9,Rust,2026-05-21T22:51:40Z,813334897,anza-xyz,mandatory,289,UTC,2026-05-21T22:48:34Z,public,computed in repo_activity_metrics and repo_ranking
,,2022-08-29T18:25:05Z,2026-05-23.solana-activity.v2,llvm-sys,Move compiler targeting llvm supported backends,2026-05-23T16:21:37.446336Z,32,anza-xyz/move,https://github.com/anza-xyz/move,True,True,False,R_kgDOH5xkSQ,95,Rust,2024-03-19T14:47:34Z,530342985,anza-xyz,mandatory,112,UTC,2026-04-27T14:46:59Z,public,computed in repo_activity_metrics and repo_ranking
,,2021-09-23T06:04:58Z,2026-05-23.solana-activity.v2,bpf-port,Newlib is a C library intended for use on embedded systems.,2026-05-23T16:21:37.446336Z,16,anza-xyz/newlib,https://github.com/anza-xyz/newlib,False,False,False,R_kgDOGGf9jw,0,C,2026-03-03T19:29:46Z,409468303,anza-xyz,mandatory,36,UTC,2026-05-07T13:05:26Z,public,computed in repo_activity_metrics and repo_ranking
,,2024-11-12T04:54:07Z,2026-05-23.solana-activity.v2,master,Rust FFI bindings for Native API,2026-05-23T16:21:37.446336Z,0,anza-xyz/ntapi,https://github.com/anza-xyz/ntapi,False,True,False,R_kgDONN9kaQ,0,,2023-06-06T00:55:27Z,887055465,anza-xyz,mandatory,0,UTC,2026-05-15T02:11:26Z,public,computed in repo_activity_metrics and repo_ranking
,,2021-12-30T01:41:07Z,2026-05-23.solana-activity.v2,master,Octane is a gasless transaction relayer for Solana.,2026-05-23T16:21:37.446336Z,170,anza-xyz/octane,https://github.com/anza-xyz/octane,True,False,False,R_kgDOGmaqWQ,0,TypeScript,2026-04-20T21:13:06Z,442935897,anza-xyz,mandatory,265,UTC,2026-04-26T21:54:45Z,public,computed in repo_activity_metrics and repo_ranking
,,2024-08-04T08:53:34Z,2026-05-23.solana-activity.v2,main,Create Solana programs with no external dependencies attached,2026-05-23T16:21:37.446336Z,218,anza-xyz/pinocchio,https://github.com/anza-xyz/pinocchio,False,False,False,R_kgDOMfC4kA,40,Rust,2026-05-19T04:31:59Z,837859472,anza-xyz,mandatory,908,UTC,2026-05-21T17:24:20Z,public,computed in repo_activity_metrics and repo_ranking
,,2021-02-17T19:15:39Z,2026-05-23.solana-activity.v2,master,,2026-05-23T16:21:37.446336Z,45,anza-xyz/platform-tools,https://github.com/anza-xyz/platform-tools,False,False,False,MDEwOlJlcG9zaXRvcnkzMzk4MzAxOTA=,6,Shell,2026-03-06T19:45:27Z,339830190,anza-xyz,mandatory,86,UTC,2026-05-07T13:05:28Z,public,computed in repo_activity_metrics and repo_ranking
,,2022-11-19T07:07:32Z,2026-05-23.solana-activity.v2,main,A Prettier config consistent to all Solana Labs projects,2026-05-23T16:21:37.446336Z,8,anza-xyz/prettier-config-solana,https://github.com/anza-xyz/prettier-config-solana,False,False,False,R_kgDOIds36A,1,,2025-12-16T05:29:38Z,568014824,anza-xyz,mandatory,9,UTC,2026-05-09T02:34:20Z,public,computed in repo_activity_metrics and repo_ranking
,,2025-10-01T04:45:29Z,2026-05-23.solana-activity.v2,main,Async-friendly QUIC implementation in Rust,2026-05-23T16:21:37.446336Z,5,anza-xyz/quinn,https://github.com/anza-xyz/quinn,False,True,False,R_kgDOP6Ibiw,0,,2026-03-13T03:36:03Z,1067588491,anza-xyz,mandatory,0,UTC,2025-10-01T05:04:33Z,public,computed in repo_activity_metrics and repo_ranking
,,2025-06-26T14:50:28Z,2026-05-23.solana-activity.v2,main,,2026-05-23T16:21:37.446336Z,6,anza-xyz/rts-alloc,https://github.com/anza-xyz/rts-alloc,False,False,False,R_kgDOPCVnBg,7,Rust,2026-05-19T12:02:28Z,1009084166,anza-xyz,mandatory,6,UTC,2026-05-19T12:02:33Z,public,computed in repo_activity_metrics and repo_ranking
,,2019-01-16T01:35:50Z,2026-05-23.solana-activity.v2,solana-1.89.0,Empowering everyone to build reliable and efficient software.,2026-05-23T16:21:37.446336Z,90,anza-xyz/rust,https://github.com/anza-xyz/rust,False,True,False,MDEwOlJlcG9zaXRvcnkxNjU5NTI0NDM=,0,Rust,2026-04-17T20:17:41Z,165952443,anza-xyz,mandatory,46,UTC,2026-05-07T11:40:31Z,public,computed in repo_activity_metrics and repo_ranking
,,2024-08-21T16:59:30Z,2026-05-23.solana-activity.v2,solana,Build a rustc sysroot with custom flags,2026-05-23T16:21:37.446336Z,3,anza-xyz/rustc-build-sysroot,https://github.com/anza-xyz/rustc-build-sysroot,False,True,False,R_kgDOMmeiqg,0,Rust,2025-08-04T17:53:35Z,845652650,anza-xyz,mandatory,1,UTC,2026-05-15T02:11:11Z,public,computed in repo_activity_metrics and repo_ranking
,,2026-03-23T21:32:57Z,2026-05-23.solana-activity.v2,main,WebPKI X.509 Certificate Validation in Rust,2026-05-23T16:21:37.446336Z,2,anza-xyz/rustls-webpki,https://github.com/anza-xyz/rustls-webpki,False,True,False,R_kgDORu3JLQ,0,,2026-04-24T03:38:01Z,1189988653,anza-xyz,mandatory,0,UTC,2026-03-23T21:32:57Z,public,computed in repo_activity_metrics and repo_ranking
,,2024-12-11T18:37:07Z,2026-05-23.solana-activity.v2,main,SBPF virtual machine,2026-05-23T16:21:37.446336Z,59,anza-xyz/sbpf,https://github.com/anza-xyz/sbpf,False,True,False,R_kgDONcOuHw,15,Rust,2026-05-19T11:53:38Z,902016543,anza-xyz,mandatory,102,UTC,2026-05-22T14:35:09Z,public,computed in repo_activity_metrics and repo_ranking
,,2022-06-14T18:40:50Z,2026-05-23.solana-activity.v2,master,Published security audits,2026-05-23T16:21:37.446336Z,48,anza-xyz/security-audits,https://github.com/anza-xyz/security-audits,False,False,False,R_kgDOHgJ-eQ,0,,2026-05-21T21:22:29Z,503479929,anza-xyz,mandatory,110,UTC,2026-05-21T21:22:34Z,public,computed in repo_activity_metrics and repo_ranking
,,2025-05-05T13:43:15Z,2026-05-23.solana-activity.v2,main,,2026-05-23T16:21:37.446336Z,6,anza-xyz/shaq,https://github.com/anza-xyz/shaq,False,False,False,R_kgDOOkzN1A,4,Rust,2026-05-20T03:34:23Z,978111956,anza-xyz,mandatory,16,UTC,2026-05-20T03:34:20Z,public,computed in repo_activity_metrics and repo_ranking
,,2025-03-10T11:27:08Z,2026-05-23.solana-activity.v2,master,,2026-05-23T16:21:37.446336Z,3,anza-xyz/solana-packets,https://github.com/anza-xyz/solana-packets,False,False,False,R_kgDOOGIBAQ,0,,2025-03-14T15:54:06Z,945946881,anza-xyz,mandatory,1,UTC,2026-05-20T14:41:15Z,public,computed in repo_activity_metrics and repo_ranking
,,2022-12-23T10:13:04Z,2026-05-23.solana-activity.v2,main,Scaffolding for a dapp using Solana Pay,2026-05-23T16:21:37.446336Z,24,anza-xyz/solana-pay-scaffold,https://github.com/anza-xyz/solana-pay-scaffold,False,False,False,R_kgDOIqi4Jw,10,TypeScript,2024-04-10T19:39:13Z,581482535,anza-xyz,mandatory,51,UTC,2026-05-16T12:40:37Z,public,computed in repo_activity_metrics and repo_ranking
,,2024-12-10T19:35:31Z,2026-05-23.solana-activity.v2,master,C and CUDA libraries to enhance Solana,2026-05-23T16:21:37.446336Z,1,anza-xyz/solana-perf-libs,https://github.com/anza-xyz/solana-perf-libs,False,True,False,R_kgDONbvo1g,0,,2022-12-02T21:01:32Z,901507286,anza-xyz,mandatory,0,UTC,2026-05-15T02:11:04Z,public,computed in repo_activity_metrics and repo_ranking
,,2024-12-10T21:21:59Z,2026-05-23.solana-activity.v2,main,solana ping api server,2026-05-23T16:21:37.446336Z,1,anza-xyz/solana-ping-api,https://github.com/anza-xyz/solana-ping-api,True,True,False,R_kgDONbx6Cg,0,,2024-06-25T07:03:48Z,901544458,anza-xyz,mandatory,0,UTC,2026-05-14T14:10:31Z,public,computed in repo_activity_metrics and repo_ranking
,,2024-08-07T14:06:35Z,2026-05-23.solana-activity.v2,main,Rust and JS code to perform Solana RPC's GetStakeActivation client-side,2026-05-23T16:21:37.446336Z,18,anza-xyz/solana-rpc-client-extensions,https://github.com/anza-xyz/solana-rpc-client-extensions,False,False,False,R_kgDOMggRcQ,1,TypeScript,2025-03-10T15:52:35Z,839389553,anza-xyz,mandatory,18,UTC,2026-05-13T13:49:41Z,public,computed in repo_activity_metrics and repo_ranking
,,2025-02-04T12:27:00Z,2026-05-23.solana-activity.v2,master,"Rust SDK for the Solana blockchain, used by on-chain program developers and the Agave validator",2026-05-23T16:21:37.446336Z,210,anza-xyz/solana-sdk,https://github.com/anza-xyz/solana-sdk,False,False,False,R_kgDON0KVng,41,Rust,2026-05-22T15:16:15Z,927110558,anza-xyz,mandatory,239,UTC,2026-05-23T12:52:28Z,public,computed in repo_activity_metrics and repo_ranking
,,2023-11-28T00:43:59Z,2026-05-23.solana-activity.v2,master,Solana Labs vendored fork of https://github.com/tokio-rs/tokio,2026-05-23T16:21:37.446336Z,9,anza-xyz/solana-tokio,https://github.com/anza-xyz/solana-tokio,False,True,False,R_kgDOKy0ssA,0,,2023-11-28T17:46:01Z,724380848,anza-xyz,mandatory,9,UTC,2025-11-20T09:17:04Z,public,computed in repo_activity_metrics and repo_ranking
,,2024-02-13T17:34:04Z,2026-05-23.solana-activity.v2,solana," Sui, a next-generation smart contract platform with high throughput, low latency, and an asset-oriented programming model powered by the Move programming language",2026-05-23T16:21:37.446336Z,4,anza-xyz/sui,https://github.com/anza-xyz/sui,True,True,False,R_kgDOLR66yw,24,Rust,2024-07-12T16:45:52Z,756988619,anza-xyz,mandatory,3,UTC,2026-05-05T22:45:31Z,public,computed in repo_activity_metrics and repo_ranking
,,2025-03-21T21:20:48Z,2026-05-23.solana-activity.v2,master,solana svm,2026-05-23T16:21:37.446336Z,3,anza-xyz/svm,https://github.com/anza-xyz/svm,False,False,False,R_kgDOOMootA,0,Rust,2026-05-14T22:51:47Z,952772788,anza-xyz,mandatory,9,UTC,2026-05-13T19:32:42Z,public,computed in repo_activity_metrics and repo_ranking
,,2025-11-21T16:15:24Z,2026-05-23.solana-activity.v2,master,"Tools for TPU to investigate latency, stress test, etc",2026-05-23T16:21:37.446336Z,9,anza-xyz/tpu-tools,https://github.com/anza-xyz/tpu-tools,False,False,False,R_kgDOQaYY5Q,13,Rust,2026-05-20T17:12:03Z,1101404389,anza-xyz,mandatory,15,UTC,2026-05-22T17:46:56Z,public,computed in repo_activity_metrics and repo_ranking
,,2024-03-27T03:28:22Z,2026-05-23.solana-activity.v2,main,Deploy and test your new Agave validator features in a kubernetes-based cluster  ,2026-05-23T16:21:37.446336Z,6,anza-xyz/validator-lab,https://github.com/anza-xyz/validator-lab,True,False,False,R_kgDOLmCfMg,0,Rust,2026-02-23T21:09:27Z,778084146,anza-xyz,mandatory,7,UTC,2026-02-23T21:09:48Z,public,computed in repo_activity_metrics and repo_ranking
,,2025-03-01T03:01:26Z,2026-05-23.solana-activity.v2,master,solana votalizer,2026-05-23T16:21:37.446336Z,1,anza-xyz/votalizer,https://github.com/anza-xyz/votalizer,False,True,False,R_kgDOOBUSOA,0,,2023-10-03T19:45:42Z,940905016,anza-xyz,mandatory,1,UTC,2026-05-20T14:41:17Z,public,computed in repo_activity_metrics and repo_ranking
,,2021-03-26T14:37:54Z,2026-05-23.solana-activity.v2,master,Modular TypeScript wallet adapters and components for Solana applications.,2026-05-23T16:21:37.446336Z,1061,anza-xyz/wallet-adapter,https://github.com/anza-xyz/wallet-adapter,False,False,False,MDEwOlJlcG9zaXRvcnkzNTE4MTIwOTE=,44,TypeScript,2026-04-01T15:55:42Z,351812091,anza-xyz,mandatory,2018,UTC,2026-05-22T06:30:09Z,public,computed in repo_activity_metrics and repo_ranking
,,2022-10-14T23:05:58Z,2026-05-23.solana-activity.v2,master,Solana extensions to the Wallet Standard.,2026-05-23T16:21:37.446336Z,58,anza-xyz/wallet-standard,https://github.com/anza-xyz/wallet-standard,False,False,False,R_kgDOIOJAOw,13,TypeScript,2026-04-17T16:54:27Z,551698491,anza-xyz,mandatory,133,UTC,2026-05-09T02:34:28Z,public,computed in repo_activity_metrics and repo_ranking
,,2024-06-13T04:46:44Z,2026-05-23.solana-activity.v2,master,,2026-05-23T16:21:37.446336Z,0,anza-xyz/wallet-standard-fork,https://github.com/anza-xyz/wallet-standard-fork,False,True,False,R_kgDOMIvUxA,0,,2024-06-07T22:26:23Z,814470340,anza-xyz,mandatory,1,UTC,2024-06-27T01:29:56Z,public,computed in repo_activity_metrics and repo_ranking
,,2025-09-30T15:31:48Z,2026-05-23.solana-activity.v2,master,"Fast, bincode‑compatible serializer/deserializer focused on in‑place initialization and direct memory writes.",2026-05-23T16:21:37.446336Z,42,anza-xyz/wincode,https://github.com/anza-xyz/wincode,False,False,False,R_kgDOP5zzzQ,4,Rust,2026-05-22T05:25:23Z,1067250637,anza-xyz,mandatory,196,UTC,2026-05-22T05:25:28Z,public,computed in repo_activity_metrics and repo_ranking
,,2026-02-05T16:30:36Z,2026-05-23.solana-activity.v2,master,,2026-05-23T16:21:37.446336Z,6,anza-xyz/xtask,https://github.com/anza-xyz/xtask,False,False,False,R_kgDORJbxtg,0,Rust,2026-05-14T11:25:02Z,1150742966,anza-xyz,mandatory,0,UTC,2026-05-14T11:25:06Z,public,computed in repo_activity_metrics and repo_ranking
,,2022-11-22T20:59:24Z,2026-05-23.solana-activity.v2,main,Jito Solana DeFi Llama Adapter,2026-05-23T16:21:37.446336Z,2,jito-foundation/DefiLlama-Adapters,https://github.com/jito-foundation/DefiLlama-Adapters,False,True,False,R_kgDOIfEHvw,0,JavaScript,2025-04-05T00:43:55Z,569444287,jito-foundation,mandatory,0,UTC,2025-04-05T00:44:06Z,public,computed in repo_activity_metrics and repo_ranking
,,2022-05-02T04:00:48Z,2026-05-23.solana-activity.v2,master,⚓ Solana Sealevel Framework,2026-05-23T16:21:37.446336Z,2,jito-foundation/anchor,https://github.com/jito-foundation/anchor,False,True,False,R_kgDOHRHf4Q,0,Rust,2025-06-17T21:04:42Z,487710689,jito-foundation,mandatory,0,UTC,2026-05-14T17:23:16Z,public,computed in repo_activity_metrics and repo_ranking
,,2021-02-04T13:15:18Z,2026-05-23.solana-activity.v2,master,BAM API Client,2026-05-23T16:21:37.446336Z,1,jito-foundation/bam-api-client,https://github.com/jito-foundation/bam-api-client,False,False,False,MDEwOlJlcG9zaXRvcnkzMzU5NTkwNTY=,1,Rust,2025-11-11T08:20:07Z,335959056,jito-foundation,mandatory,2,UTC,2025-11-21T00:48:49Z,public,computed in repo_activity_metrics and repo_ranking
,,2026-04-03T23:08:04Z,2026-05-23.solana-activity.v2,master,"BAM Plugin related tools, data, and documentation.",2026-05-23T16:21:37.446336Z,1,jito-foundation/bam-plugins,https://github.com/jito-foundation/bam-plugins,False,False,False,R_kgDOR5Ovvg,2,,2026-05-21T22:15:17Z,1200861118,jito-foundation,mandatory,1,UTC,2026-05-02T01:08:00Z,public,computed in repo_activity_metrics and repo_ranking
,,2025-11-07T21:03:42Z,2026-05-23.solana-activity.v2,dev,Commonware NCN Node,2026-05-23T16:21:37.446336Z,1,jito-foundation/commonware-avs-node,https://github.com/jito-foundation/commonware-avs-node,False,True,False,R_kgDOQRavMA,0,,2025-11-07T21:33:16Z,1092005680,jito-foundation,mandatory,0,UTC,2025-11-07T21:03:42Z,public,computed in repo_activity_metrics and repo_ranking
,,2025-11-07T21:04:07Z,2026-05-23.solana-activity.v2,dev,Commonware NCN Router,2026-05-23T16:21:37.446336Z,1,jito-foundation/commonware-avs-router,https://github.com/jito-foundation/commonware-avs-router,False,True,False,R_kgDOQRav9A,0,,2025-11-07T21:34:07Z,1092005876,jito-foundation,mandatory,0,UTC,2025-11-07T21:04:07Z,public,computed in repo_activity_metrics and repo_ranking
,,2025-09-02T14:47:06Z,2026-05-23.solana-activity.v2,dev,,2026-05-23T16:21:37.446336Z,0,jito-foundation/commonware-avs-router-solana,https://github.com/jito-foundation/commonware-avs-router-solana,False,True,False,R_kgDOPoinFg,0,,2025-09-01T08:19:14Z,1049143062,jito-foundation,mandatory,0,UTC,2025-09-02T14:47:06Z,public,computed in repo_activity_metrics and repo_ranking
,,2023-12-07T15:34:15Z,2026-05-23.solana-activity.v2,master,A merkle-based token distributor for the Solana network that allows distributing a combination of unlocked and linearly unlocked tokens.,2026-05-23T16:21:37.446336Z,64,jito-foundation/distributor,https://github.com/jito-foundation/distributor,False,False,False,R_kgDOK2-vdg,5,Rust,2025-04-30T18:37:15Z,728739702,jito-foundation,mandatory,73,UTC,2026-05-08T19:46:42Z,public,computed in repo_activity_metrics and repo_ranking
,,2022-11-16T12:47:08Z,2026-05-23.solana-activity.v2,master,Solana Geyser plugin for account and slot updates over GRPC,2026-05-23T16:21:37.446336Z,49,jito-foundation/geyser-grpc-plugin,https://github.com/jito-foundation/geyser-grpc-plugin,False,False,False,R_kgDOIcifDQ,1,Rust,2026-05-13T15:09:32Z,566796045,jito-foundation,mandatory,140,UTC,2026-05-21T14:09:20Z,public,computed in repo_activity_metrics and repo_ranking
,,2023-11-22T23:58:51Z,2026-05-23.solana-activity.v2,main,Jito Realms,2026-05-23T16:21:37.446336Z,2,jito-foundation/governance-ui,https://github.com/jito-foundation/governance-ui,False,True,False,R_kgDOKw4PCw,0,TypeScript,2025-10-07T22:47:41Z,722341643,jito-foundation,mandatory,0,UTC,2025-10-07T22:47:48Z,public,computed in repo_activity_metrics and repo_ranking
,,2026-02-19T23:26:07Z,2026-05-23.solana-activity.v2,master,Jito Account Traits Derive,2026-05-23T16:21:37.446336Z,1,jito-foundation/jito-account-traits-derive,https://github.com/jito-foundation/jito-account-traits-derive,False,False,False,R_kgDORUUCOQ,0,Rust,2026-02-23T21:22:12Z,1162150457,jito-foundation,mandatory,0,UTC,2026-02-19T23:32:36Z,public,computed in repo_activity_metrics and repo_ranking
,,2026-01-21T22:09:19Z,2026-05-23.solana-activity.v2,master,Jito BAM Boost Program CLI,2026-05-23T16:21:37.446336Z,5,jito-foundation/jito-bam-boost-cli,https://github.com/jito-foundation/jito-bam-boost-cli,False,False,False,R_kgDOQ-mKzg,0,Rust,2026-02-11T00:12:33Z,1139378894,jito-foundation,mandatory,2,UTC,2026-02-11T00:06:22Z,public,computed in repo_activity_metrics and repo_ranking
,,2022-05-30T04:55:53Z,2026-05-23.solana-activity.v2,master,Jito Network Notification System,2026-05-23T16:21:37.446336Z,2,jito-foundation/jito-bell,https://github.com/jito-foundation/jito-bell,False,False,False,R_kgDOHau81w,1,Rust,2026-02-11T18:50:41Z,497794263,jito-foundation,mandatory,5,UTC,2026-02-11T18:50:38Z,public,computed in repo_activity_metrics and repo_ranking
,,2025-10-07T19:13:30Z,2026-05-23.solana-activity.v2,master,,2026-05-23T16:21:37.446336Z,2,jito-foundation/jito-bls-ncn,https://github.com/jito-foundation/jito-bls-ncn,False,False,False,R_kgDOP-G1xw,2,Rust,2025-11-07T21:22:43Z,1071756743,jito-foundation,mandatory,1,UTC,2026-04-16T10:54:53Z,public,computed in repo_activity_metrics and repo_ranking
,,2026-02-19T23:37:49Z,2026-05-23.solana-activity.v2,master,Jito Bytemuck,2026-05-23T16:21:37.446336Z,1,jito-foundation/jito-bytemuck,https://github.com/jito-foundation/jito-bytemuck,False,False,False,R_kgDORUUXUA,0,Rust,2026-02-24T02:05:06Z,1162155856,jito-foundation,mandatory,0,UTC,2026-02-24T02:01:41Z,public,computed in repo_activity_metrics and repo_ranking
,,2025-04-16T20:36:27Z,2026-05-23.solana-activity.v2,master,,2026-05-23T16:21:37.446336Z,3,jito-foundation/jito-omnidocs,https://github.com/jito-foundation/jito-omnidocs,False,False,False,R_kgDOOa2a2w,1,JavaScript,2026-05-14T00:05:10Z,967678683,jito-foundation,mandatory,5,UTC,2026-05-17T03:03:11Z,public,computed in repo_activity_metrics and repo_ranking
,,2021-09-10T16:02:28Z,2026-05-23.solana-activity.v2,master,,2026-05-23T16:21:37.446336Z,33,jito-foundation/jito-programs,https://github.com/jito-foundation/jito-programs,False,False,False,MDEwOlJlcG9zaXRvcnk0MDUxMzc0ODg=,11,Rust,2026-02-04T18:12:24Z,405137488,jito-foundation,mandatory,90,UTC,2026-05-17T03:01:37Z,public,computed in repo_activity_metrics and repo_ranking
,,2023-02-10T23:14:20Z,2026-05-23.solana-activity.v2,master,,2026-05-23T16:21:37.446336Z,1,jito-foundation/jito-protecc,https://github.com/jito-foundation/jito-protecc,False,False,False,R_kgDOI8cKuQ,0,Rust,2023-02-13T23:27:42Z,600246969,jito-foundation,mandatory,0,UTC,2023-02-13T16:38:48Z,public,computed in repo_activity_metrics and repo_ranking
,,2022-06-04T15:54:40Z,2026-05-23.solana-activity.v2,master,Jito Foundation's Transaction Relayer,2026-05-23T16:21:37.446336Z,67,jito-foundation/jito-relayer,https://github.com/jito-foundation/jito-relayer,False,False,False,R_kgDOHcttPw,14,Rust,2025-12-30T21:27:17Z,499871039,jito-foundation,mandatory,126,UTC,2026-05-08T20:01:23Z,public,computed in repo_activity_metrics and repo_ranking
,,2025-09-02T14:48:07Z,2026-05-23.solana-activity.v2,main,A solana test validator populated with the accounts and the programs needed to start testing the restaking functionality like running an NCN,2026-05-23T16:21:37.446336Z,1,jito-foundation/jito-restaking-test-validator,https://github.com/jito-foundation/jito-restaking-test-validator,False,True,False,R_kgDOPoipYQ,0,,2025-08-28T08:46:33Z,1049143649,jito-foundation,mandatory,0,UTC,2025-09-02T14:48:07Z,public,computed in repo_activity_metrics and repo_ranking
,,2024-09-27T13:58:06Z,2026-05-23.solana-activity.v2,master,An NCN dedicated to distributing rewards for other NCNs,2026-05-23T16:21:37.446336Z,2,jito-foundation/jito-rewards-ncn,https://github.com/jito-foundation/jito-rewards-ncn,True,False,False,R_kgDOM4Ez4g,3,Rust,2024-10-17T14:46:55Z,864105442,jito-foundation,mandatory,3,UTC,2025-04-08T23:40:41Z,public,computed in repo_activity_metrics and repo_ranking
,,2022-03-01T00:36:37Z,2026-05-23.solana-activity.v2,master,Jito Foundation MEV Solana Client,2026-05-23T16:21:37.446336Z,382,jito-foundation/jito-solana,https://github.com/jito-foundation/jito-solana,False,False,False,R_kgDOG7KhZw,34,Rust,2026-05-22T20:32:05Z,464691559,jito-foundation,mandatory,722,UTC,2026-05-22T20:22:46Z,public,computed in repo_activity_metrics and repo_ranking
,,2023-02-22T19:35:27Z,2026-05-23.solana-activity.v2,master,A collection of Solana programs maintained by Solana Labs,2026-05-23T16:21:37.446336Z,3,jito-foundation/jito-solana-program-library,https://github.com/jito-foundation/jito-solana-program-library,False,True,False,R_kgDOJBOF5A,0,Rust,2023-05-05T19:52:28Z,605259236,jito-foundation,mandatory,2,UTC,2025-05-19T06:23:42Z,public,computed in repo_activity_metrics and repo_ranking
,,2025-04-30T19:11:00Z,2026-05-23.solana-activity.v2,master,,2026-05-23T16:21:37.446336Z,3,jito-foundation/jito-stake-unstake-reference,https://github.com/jito-foundation/jito-stake-unstake-reference,False,False,False,R_kgDOOigsjA,1,TypeScript,2025-11-11T21:00:29Z,975711372,jito-foundation,mandatory,1,UTC,2026-03-04T00:36:15Z,public,computed in repo_activity_metrics and repo_ranking
,,2024-10-31T17:39:23Z,2026-05-23.solana-activity.v2,master,,2026-05-23T16:21:37.446336Z,18,jito-foundation/jito-tip-router,https://github.com/jito-foundation/jito-tip-router,False,False,False,R_kgDONIqfmA,7,Rust,2026-05-20T23:13:19Z,881500056,jito-foundation,mandatory,19,UTC,2026-05-20T23:13:22Z,public,computed in repo_activity_metrics and repo_ranking
,,2026-02-27T01:10:47Z,2026-05-23.solana-activity.v2,master,Jito Whitelist Management Program,2026-05-23T16:21:37.446336Z,1,jito-foundation/jito-whitelist-management,https://github.com/jito-foundation/jito-whitelist-management,False,False,False,R_kgDORZ8z9A,1,Rust,2026-04-22T01:52:31Z,1168061428,jito-foundation,mandatory,0,UTC,2026-04-14T21:04:40Z,public,computed in repo_activity_metrics and repo_ranking
,,2024-04-17T13:31:28Z,2026-05-23.solana-activity.v2,main,,2026-05-23T16:21:37.446336Z,0,jito-foundation/jitosol-evm-token-contract,https://github.com/jito-foundation/jitosol-evm-token-contract,False,True,False,R_kgDOLvcO6Q,0,Solidity,2024-04-19T19:38:44Z,787943145,jito-foundation,mandatory,0,UTC,2024-04-19T19:38:47Z,public,computed in repo_activity_metrics and repo_ranking
,,2024-02-14T18:59:21Z,2026-05-23.solana-activity.v2,main,,2026-05-23T16:21:37.446336Z,1,jito-foundation/jitosol-wormhole-updater,https://github.com/jito-foundation/jitosol-wormhole-updater,False,True,False,R_kgDOLSeW_Q,0,Solidity,2024-04-05T00:16:19Z,757569277,jito-foundation,mandatory,0,UTC,2024-02-15T00:03:59Z,public,computed in repo_activity_metrics and repo_ranking
,,2025-08-29T21:05:06Z,2026-05-23.solana-activity.v2,master,Jito Kobe,2026-05-23T16:21:37.446336Z,1,jito-foundation/kobe,https://github.com/jito-foundation/kobe,False,False,False,R_kgDOPmpxNg,4,Rust,2026-05-20T23:34:59Z,1047163190,jito-foundation,mandatory,5,UTC,2026-05-20T23:25:03Z,public,computed in repo_activity_metrics and repo_ranking
,,2022-10-30T02:07:17Z,2026-05-23.solana-activity.v2,master,Smart contracts maintained by the Metaplex team,2026-05-23T16:21:37.446336Z,1,jito-foundation/metaplex-program-library,https://github.com/jito-foundation/metaplex-program-library,False,True,False,R_kgDOIVfSgw,0,Rust,2022-10-30T02:28:28Z,559403651,jito-foundation,mandatory,0,UTC,2022-10-30T02:15:50Z,public,computed in repo_activity_metrics and repo_ranking
,,2022-03-02T13:55:12Z,2026-05-23.solana-activity.v2,master,,2026-05-23T16:21:37.446336Z,1,jito-foundation/ncn-portal,https://github.com/jito-foundation/ncn-portal,False,False,False,R_kgDOG7xTVg,1,MDX,2025-12-03T21:37:45Z,465326934,jito-foundation,mandatory,0,UTC,2025-12-03T21:37:45Z,public,computed in repo_activity_metrics and repo_ranking
,,2021-03-21T12:26:21Z,2026-05-23.solana-activity.v2,master,,2026-05-23T16:21:37.446336Z,1,jito-foundation/ncn-portal-admin,https://github.com/jito-foundation/ncn-portal-admin,False,False,False,MDEwOlJlcG9zaXRvcnkzNDk5OTE0NDM=,1,TypeScript,2025-12-03T21:37:53Z,349991443,jito-foundation,mandatory,0,UTC,2025-12-03T21:37:55Z,public,computed in repo_activity_metrics and repo_ranking
,,2025-09-02T14:47:28Z,2026-05-23.solana-activity.v2,main,,2026-05-23T16:21:37.446336Z,1,jito-foundation/ncn-program-template-bls,https://github.com/jito-foundation/ncn-program-template-bls,False,True,False,R_kgDOPoin7g,0,,2025-08-29T19:26:49Z,1049143278,jito-foundation,mandatory,0,UTC,2025-09-02T14:47:28Z,public,computed in repo_activity_metrics and repo_ranking
,,2025-05-15T20:09:17Z,2026-05-23.solana-activity.v2,main,,2026-05-23T16:21:37.446336Z,7,jito-foundation/ncn-template,https://github.com/jito-foundation/ncn-template,False,False,False,R_kgDOOqwySg,0,Rust,2025-07-07T16:03:59Z,984363594,jito-foundation,mandatory,5,UTC,2025-08-22T11:44:01Z,public,computed in repo_activity_metrics and repo_ranking
,,2025-10-08T17:33:50Z,2026-05-23.solana-activity.v2,master,,2026-05-23T16:21:37.446336Z,1,jito-foundation/priority-fee-sharing,https://github.com/jito-foundation/priority-fee-sharing,False,False,False,R_kgDOP-vLow,1,Rust,2026-02-24T18:15:38Z,1072417699,jito-foundation,mandatory,0,UTC,2025-11-25T18:38:50Z,public,computed in repo_activity_metrics and repo_ranking
,,2024-07-25T03:45:13Z,2026-05-23.solana-activity.v2,master,,2026-05-23T16:21:37.446336Z,35,jito-foundation/restaking,https://github.com/jito-foundation/restaking,False,False,False,R_kgDOMa0wDA,7,Rust,2026-03-27T16:42:55Z,833433612,jito-foundation,mandatory,84,UTC,2026-05-17T03:02:10Z,public,computed in repo_activity_metrics and repo_ranking
,,2022-10-08T18:03:55Z,2026-05-23.solana-activity.v2,master,,2026-05-23T16:21:37.446336Z,1,jito-foundation/solana-accountsdb-connector,https://github.com/jito-foundation/solana-accountsdb-connector,False,True,False,R_kgDOIKmvZA,1,,2022-11-22T00:37:11Z,547991396,jito-foundation,mandatory,2,UTC,2025-04-02T13:15:49Z,public,computed in repo_activity_metrics and repo_ranking
,,2023-12-17T18:21:10Z,2026-05-23.solana-activity.v2,master,,2026-05-23T16:21:37.446336Z,2,jito-foundation/solana-analysis,https://github.com/jito-foundation/solana-analysis,False,False,False,R_kgDOK6z8jA,0,Rust,2024-01-30T19:48:52Z,732757132,jito-foundation,mandatory,15,UTC,2026-02-07T17:05:54Z,public,computed in repo_activity_metrics and repo_ranking
,,2024-03-24T20:21:47Z,2026-05-23.solana-activity.v2,master,A collection of Solana-maintained on-chain programs,2026-05-23T16:21:37.446336Z,0,jito-foundation/spl-stake-pool-js,https://github.com/jito-foundation/spl-stake-pool-js,False,True,False,R_kgDOLk7z6A,0,,2024-12-14T00:48:45Z,776926184,jito-foundation,mandatory,2,UTC,2026-05-18T23:00:12Z,public,computed in repo_activity_metrics and repo_ranking
,,2025-10-16T00:03:24Z,2026-05-23.solana-activity.v2,main,Squads V4,2026-05-23T16:21:37.446336Z,1,jito-foundation/squads-v4,https://github.com/jito-foundation/squads-v4,False,True,False,R_kgDOQDTslQ,0,HTML,2025-10-17T05:27:58Z,1077210261,jito-foundation,mandatory,0,UTC,2025-10-17T05:27:54Z,public,computed in repo_activity_metrics and repo_ranking
,,2024-12-19T17:24:03Z,2026-05-23.solana-activity.v2,master,,2026-05-23T16:21:37.446336Z,3,jito-foundation/stake-deposit-interceptor,https://github.com/jito-foundation/stake-deposit-interceptor,False,True,False,R_kgDONf51rg,4,Rust,2026-04-21T23:51:22Z,905868718,jito-foundation,mandatory,2,UTC,2026-04-14T21:04:13Z,public,computed in repo_activity_metrics and repo_ranking
,,2025-04-09T20:58:45Z,2026-05-23.solana-activity.v2,main,The SPL Stake Pool program and its clients,2026-05-23T16:21:37.446336Z,2,jito-foundation/stake-pool,https://github.com/jito-foundation/stake-pool,False,True,False,R_kgDOOW6GgA,0,,2026-04-02T18:39:32Z,963544704,jito-foundation,mandatory,1,UTC,2026-01-27T08:41:52Z,public,computed in repo_activity_metrics and repo_ranking
,,2023-12-15T16:34:24Z,2026-05-23.solana-activity.v2,master,Jito StakeNet,2026-05-23T16:21:37.446336Z,32,jito-foundation/stakenet,https://github.com/jito-foundation/stakenet,False,False,False,R_kgDOK6LzAg,13,Rust,2026-05-19T01:00:58Z,732099330,jito-foundation,mandatory,88,UTC,2026-05-17T03:01:58Z,public,computed in repo_activity_metrics and repo_ranking
,,2025-07-08T01:30:17Z,2026-05-23.solana-activity.v2,master,,2026-05-23T16:21:37.446336Z,2,jito-foundation/stakenet-simulator,https://github.com/jito-foundation/stakenet-simulator,False,False,False,R_kgDOPIsLIA,0,Rust,2025-11-17T19:18:33Z,1015745312,jito-foundation,mandatory,7,UTC,2025-10-21T15:08:41Z,public,computed in repo_activity_metrics and repo_ranking
,,2023-03-01T19:50:59Z,2026-05-23.solana-activity.v2,main,Solana Validator Manager,2026-05-23T16:21:37.446336Z,2,jito-foundation/sv-manager,https://github.com/jito-foundation/sv-manager,False,True,False,R_kgDOJEJj3A,0,,2023-02-27T19:13:58Z,608330716,jito-foundation,mandatory,0,UTC,2023-03-17T06:36:52Z,public,computed in repo_activity_metrics and repo_ranking
,,2023-06-16T15:59:42Z,2026-05-23.solana-activity.v2,master,,2026-05-23T16:21:37.446336Z,18,solana-labs/auto-emissions,https://github.com/solana-labs/auto-emissions,True,False,False,R_kgDOJwU7Kw,0,Python,2023-11-14T20:17:15Z,654654251,solana-labs,mandatory,18,UTC,2026-03-09T22:21:54Z,public,computed in repo_activity_metrics and repo_ranking
,,2022-07-20T07:08:14Z,2026-05-23.solana-activity.v2,master,UDP and QUIC dos test for buildkite using bench-tps utility,2026-05-23T16:21:37.446336Z,15,solana-labs/bench-tps-dos-test,https://github.com/solana-labs/bench-tps-dos-test,True,False,False,R_kgDOHr-Wmw,4,Shell,2024-02-20T16:18:39Z,515872411,solana-labs,mandatory,12,UTC,2026-03-09T22:21:57Z,public,computed in repo_activity_metrics and repo_ranking
,,2019-12-09T18:03:56Z,2026-05-23.solana-activity.v2,main,Break Solana Game,2026-05-23T16:21:37.446336Z,225,solana-labs/break,https://github.com/solana-labs/break,True,False,False,MDEwOlJlcG9zaXRvcnkyMjY5MzU1MDA=,47,TypeScript,2024-07-23T23:28:13Z,226935500,solana-labs,mandatory,336,UTC,2026-04-19T19:13:30Z,public,computed in repo_activity_metrics and repo_ranking
,,2023-09-08T19:39:52Z,2026-05-23.solana-activity.v2,master,,2026-05-23T16:21:37.446336Z,10,solana-labs/bridge-adapter,https://github.com/solana-labs/bridge-adapter,True,False,False,R_kgDOKRLDlQ,2,TypeScript,2023-12-03T17:42:18Z,689095573,solana-labs,mandatory,14,UTC,2026-03-09T22:22:01Z,public,computed in repo_activity_metrics and repo_ranking
,,2020-08-08T01:09:47Z,2026-05-23.solana-activity.v2,master,Solana Chrome Extension,2026-05-23T16:21:37.446336Z,25,solana-labs/browser-extension,https://github.com/solana-labs/browser-extension,True,False,False,MDEwOlJlcG9zaXRvcnkyODU5NDkwMTg=,4,TypeScript,2020-09-01T18:18:13Z,285949018,solana-labs,mandatory,36,UTC,2026-04-19T19:11:40Z,public,computed in repo_activity_metrics and repo_ranking
,,2021-07-08T22:55:02Z,2026-05-23.solana-activity.v2,master,"TypeScript fork of buffer-layout, for translating between JavaScript values and Buffers",2026-05-23T16:21:37.446336Z,25,solana-labs/buffer-layout,https://github.com/solana-labs/buffer-layout,True,True,False,MDEwOlJlcG9zaXRvcnkzODQyNjYzNzM=,3,JavaScript,2025-01-10T01:58:12Z,384266373,solana-labs,mandatory,20,UTC,2026-03-09T22:22:06Z,public,computed in repo_activity_metrics and repo_ranking
,,2021-10-23T00:43:19Z,2026-05-23.solana-activity.v2,master,TypeScript utilities for using buffer-layout with Solana programs,2026-05-23T16:21:37.446336Z,25,solana-labs/buffer-layout-utils,https://github.com/solana-labs/buffer-layout-utils,True,False,False,R_kgDOGQzx6A,0,TypeScript,2025-01-08T18:00:20Z,420278760,solana-labs,mandatory,18,UTC,2026-03-09T22:22:08Z,public,computed in repo_activity_metrics and repo_ranking
,,2019-12-10T23:35:36Z,2026-05-23.solana-activity.v2,master,A if/elif-like macro for Rust #[cfg] statements,2026-05-23T16:21:37.446336Z,5,solana-labs/cfg-if,https://github.com/solana-labs/cfg-if,True,True,False,MDEwOlJlcG9zaXRvcnkyMjcyMzU3Nzk=,0,Rust,2021-03-09T06:50:06Z,227235779,solana-labs,mandatory,3,UTC,2026-03-09T22:22:11Z,public,computed in repo_activity_metrics and repo_ranking
,,2023-04-25T18:50:37Z,2026-05-23.solana-activity.v2,master,,2026-05-23T16:21:37.446336Z,66,solana-labs/chatgpt-plugin,https://github.com/solana-labs/chatgpt-plugin,True,False,False,R_kgDOJbTEpg,8,TypeScript,2023-09-26T14:57:28Z,632603814,solana-labs,mandatory,193,UTC,2026-05-15T20:27:55Z,public,computed in repo_activity_metrics and repo_ranking
,,2018-11-15T20:06:51Z,2026-05-23.solana-activity.v2,master,Mirror of official clang git repository located at http://llvm.org/git/clang.  Updated every five minutes.,2026-05-23T16:21:37.446336Z,7,solana-labs/clang,https://github.com/solana-labs/clang,True,True,False,MDEwOlJlcG9zaXRvcnkxNTc3NjYyMzA=,0,C++,2018-11-26T17:15:40Z,157766230,solana-labs,mandatory,3,UTC,2026-03-09T22:22:15Z,public,computed in repo_activity_metrics and repo_ranking
,,2018-11-26T17:19:10Z,2026-05-23.solana-activity.v2,master,Mirror of official clang-tools-extra git repository located at http://llvm.org/git/clang-tools-extra. Updated every five minutes.,2026-05-23T16:21:37.446336Z,7,solana-labs/clang-tools-extra,https://github.com/solana-labs/clang-tools-extra,True,True,False,MDEwOlJlcG9zaXRvcnkxNTkyMDY0MjM=,0,C++,2018-11-26T17:10:13Z,159206423,solana-labs,mandatory,3,UTC,2026-03-09T22:22:18Z,public,computed in repo_activity_metrics and repo_ranking
,,2019-11-19T04:02:52Z,2026-05-23.solana-activity.v2,master,Cluster Infrastructure,2026-05-23T16:21:37.446336Z,21,solana-labs/cluster,https://github.com/solana-labs/cluster,True,False,False,MDEwOlJlcG9zaXRvcnkyMjI2MDUxODY=,2,Shell,2022-02-27T16:00:40Z,222605186,solana-labs,mandatory,28,UTC,2026-03-09T22:22:20Z,public,computed in repo_activity_metrics and repo_ranking
,,2018-11-26T17:19:29Z,2026-05-23.solana-activity.v2,master,Mirror of official compiler-rt git repository located at http://llvm.org/git/compiler-rt.  Updated every five minutes.,2026-05-23T16:21:37.446336Z,11,solana-labs/compiler-rt,https://github.com/solana-labs/compiler-rt,True,True,False,MDEwOlJlcG9zaXRvcnkxNTkyMDY0NTc=,0,C,2018-11-26T02:19:34Z,159206457,solana-labs,mandatory,11,UTC,2026-03-09T22:22:22Z,public,computed in repo_activity_metrics and repo_ranking
,,2023-03-24T12:15:58Z,2026-05-23.solana-activity.v2,main,(FORK) Typescript library with multiple functions to help configure new mango instance for a cluster,2026-05-23T16:21:37.446336Z,6,solana-labs/configure_mango,https://github.com/solana-labs/configure_mango,True,True,False,R_kgDOJNw66g,0,TypeScript,2024-09-05T15:52:04Z,618412778,solana-labs,mandatory,6,UTC,2026-03-09T22:22:25Z,public,computed in repo_activity_metrics and repo_ranking
,,2023-01-08T22:51:48Z,2026-05-23.solana-activity.v2,master,This document outlines the procedure for getting contributor access to various Solana Labs source code repositories,2026-05-23T16:21:37.446336Z,9,solana-labs/contributor-access-policy,https://github.com/solana-labs/contributor-access-policy,False,False,False,R_kgDOIvfOSA,12,,2024-06-03T12:46:13Z,586665544,solana-labs,mandatory,11,UTC,2026-03-09T22:22:27Z,public,computed in repo_activity_metrics and repo_ranking
,,2020-05-14T15:14:45Z,2026-05-23.solana-activity.v2,master,⚛️ Heroku Buildpack for create-react-app: static hosting for React.js web apps,2026-05-23T16:21:37.446336Z,12,solana-labs/create-react-app-buildpack,https://github.com/solana-labs/create-react-app-buildpack,True,True,False,MDEwOlJlcG9zaXRvcnkyNjM5NDk0MDQ=,0,Shell,2021-03-30T17:03:16Z,263949404,solana-labs,mandatory,9,UTC,2026-03-09T22:22:30Z,public,computed in repo_activity_metrics and repo_ranking
,,2021-02-16T15:08:43Z,2026-05-23.solana-activity.v2,main,Scaffolding for a dapp built on Solana,2026-05-23T16:21:37.446336Z,1016,solana-labs/dapp-scaffold,https://github.com/solana-labs/dapp-scaffold,True,False,False,MDEwOlJlcG9zaXRvcnkzMzk0MzY3OTk=,19,TypeScript,2024-04-07T09:04:32Z,339436799,solana-labs,mandatory,1825,UTC,2026-05-13T14:34:57Z,public,computed in repo_activity_metrics and repo_ranking
,,2019-08-27T22:28:09Z,2026-05-23.solana-activity.v2,master,Base directory struct for the `solana` user on Solana's datacenter infrastructure,2026-05-23T16:21:37.446336Z,10,solana-labs/dc-homedir-skeleton,https://github.com/solana-labs/dc-homedir-skeleton,True,False,False,MDEwOlJlcG9zaXRvcnkyMDQ4MDA4Njg=,0,Shell,2019-08-30T02:37:24Z,204800868,solana-labs,mandatory,11,UTC,2026-03-09T22:22:34Z,public,computed in repo_activity_metrics and repo_ranking
,,2021-01-20T23:05:49Z,2026-05-23.solana-activity.v2,main,,2026-05-23T16:21:37.446336Z,26,solana-labs/defi-hackathon,https://github.com/solana-labs/defi-hackathon,True,False,False,MDEwOlJlcG9zaXRvcnkzMzE0NTYxNDA=,6,,2021-03-15T19:41:26Z,331456140,solana-labs,mandatory,174,UTC,2026-03-09T22:22:37Z,public,computed in repo_activity_metrics and repo_ranking
,,2022-05-12T01:46:57Z,2026-05-23.solana-activity.v2,master,"Reference implementation of a decentralized exchange for custom instruments, risk, and fees",2026-05-23T16:21:37.446336Z,31,solana-labs/dexterity,https://github.com/solana-labs/dexterity,True,False,False,R_kgDOHUkTHg,1,Rust,2023-02-03T08:56:15Z,491328286,solana-labs,mandatory,83,UTC,2026-03-27T07:38:56Z,public,computed in repo_activity_metrics and repo_ranking
,,2023-05-22T17:09:21Z,2026-05-23.solana-activity.v2,main,,2026-05-23T16:21:37.446336Z,3,solana-labs/diem-devtools,https://github.com/solana-labs/diem-devtools,True,True,False,R_kgDOJmMurA,0,Rust,2023-05-22T18:06:27Z,644034220,solana-labs,mandatory,5,UTC,2026-03-09T22:22:41Z,public,computed in repo_activity_metrics and repo_ranking
,,2021-03-18T20:03:47Z,2026-05-23.solana-activity.v2,master,Project files for Solana ecosystem members,2026-05-23T16:21:37.446336Z,517,solana-labs/ecosystem,https://github.com/solana-labs/ecosystem,True,False,False,MDEwOlJlcG9zaXRvcnkzNDkyMDI4Nzc=,149,,2024-03-29T11:40:58Z,349202877,solana-labs,mandatory,166,UTC,2026-05-07T02:51:08Z,public,computed in repo_activity_metrics and repo_ranking
,,2018-11-01T18:26:14Z,2026-05-23.solana-activity.v2,master,"Portable C implementation of Ed25519, a high-speed high-security public-key signature system.",2026-05-23T16:21:37.446336Z,13,solana-labs/ed25519,https://github.com/solana-labs/ed25519,True,True,False,MDEwOlJlcG9zaXRvcnkxNTU3NTgxMTc=,0,C,2018-11-01T22:21:33Z,155758117,solana-labs,mandatory,10,UTC,2026-03-09T22:22:46Z,public,computed in repo_activity_metrics and repo_ranking
,,2019-05-10T01:47:35Z,2026-05-23.solana-activity.v2,solana-0.2,Only used for upstreaming fixes,2026-05-23T16:21:37.446336Z,8,solana-labs/ed25519-dalek,https://github.com/solana-labs/ed25519-dalek,True,True,False,MDEwOlJlcG9zaXRvcnkxODU4OTkzMDA=,0,Rust,2019-05-13T15:26:26Z,185899300,solana-labs,mandatory,4,UTC,2026-03-09T22:22:48Z,public,computed in repo_activity_metrics and repo_ranking
,,2018-06-22T20:36:06Z,2026-05-23.solana-activity.v2,solana/cuda,"A simple, flexible, auto-scaling cluster of build agents running in your own AWS VPC",2026-05-23T16:21:37.446336Z,9,solana-labs/elastic-ci-stack-for-aws,https://github.com/solana-labs/elastic-ci-stack-for-aws,True,True,False,MDEwOlJlcG9zaXRvcnkxMzgzNDYwMDk=,0,Shell,2018-09-14T20:25:25Z,138346009,solana-labs,mandatory,6,UTC,2026-03-09T22:22:50Z,public,computed in repo_activity_metrics and repo_ranking
,,2020-04-07T07:48:08Z,2026-05-23.solana-activity.v2,master,Hello world on Solana,2026-05-23T16:21:37.446336Z,897,solana-labs/example-helloworld,https://github.com/solana-labs/example-helloworld,True,False,False,MDEwOlJlcG9zaXRvcnkyNTM3MjM1MDM=,52,TypeScript,2024-03-04T18:11:07Z,253723503,solana-labs,mandatory,958,UTC,2026-05-13T19:40:55Z,public,computed in repo_activity_metrics and repo_ranking
,,2019-05-10T18:01:42Z,2026-05-23.solana-activity.v2,v1.1,Simple message feed built on Solana,2026-05-23T16:21:37.446336Z,23,solana-labs/example-messagefeed,https://github.com/solana-labs/example-messagefeed,True,False,False,MDEwOlJlcG9zaXRvcnkxODYwMzMxNDc=,12,JavaScript,2020-07-18T06:21:24Z,186033147,solana-labs,mandatory,34,UTC,2026-04-19T19:14:09Z,public,computed in repo_activity_metrics and repo_ranking
,,2019-07-29T16:35:54Z,2026-05-23.solana-activity.v2,master,Solana example which runs a Libra Move program,2026-05-23T16:21:37.446336Z,13,solana-labs/example-move,https://github.com/solana-labs/example-move,True,False,False,MDEwOlJlcG9zaXRvcnkxOTk0OTAyNDI=,7,JavaScript,2020-08-24T23:41:45Z,199490242,solana-labs,mandatory,17,UTC,2026-03-09T22:22:58Z,public,computed in repo_activity_metrics and repo_ranking
,,2018-09-25T18:59:57Z,2026-05-23.solana-activity.v2,v1.1,Tic-Tac-Toe built on Solana,2026-05-23T16:21:37.446336Z,35,solana-labs/example-tictactoe,https://github.com/solana-labs/example-tictactoe,True,False,False,MDEwOlJlcG9zaXRvcnkxNTAzMTUxNDM=,12,JavaScript,2020-07-18T06:22:34Z,150315143,solana-labs,mandatory,40,UTC,2026-04-19T19:14:25Z,public,computed in repo_activity_metrics and repo_ranking
,,2019-10-02T18:19:41Z,2026-05-23.solana-activity.v2,v1.1,Obsoleted by https://spl.solana.com/token (Token Example),2026-05-23T16:21:37.446336Z,36,solana-labs/example-token,https://github.com/solana-labs/example-token,True,False,False,MDEwOlJlcG9zaXRvcnkyMTI0MTEyNDI=,6,Rust,2020-08-18T06:30:41Z,212411242,solana-labs,mandatory,43,UTC,2026-04-19T19:09:14Z,public,computed in repo_activity_metrics and repo_ranking
,,2022-12-05T19:40:16Z,2026-05-23.solana-activity.v2,master,Solana Farms,2026-05-23T16:21:37.446336Z,8,solana-labs/farms,https://github.com/solana-labs/farms,True,False,False,R_kgDOIkCMDw,0,Rust,2022-12-05T19:49:01Z,574655503,solana-labs,mandatory,18,UTC,2026-03-09T22:23:05Z,public,computed in repo_activity_metrics and repo_ranking
,,2020-02-14T13:13:42Z,2026-05-23.solana-activity.v2,master,Gatsby plugin that turns your website into an internationalization-framework out of the box.,2026-05-23T16:21:37.446336Z,5,solana-labs/gatsby-plugin-intl,https://github.com/solana-labs/gatsby-plugin-intl,True,True,False,MDEwOlJlcG9zaXRvcnkyNDA1MTE2MzU=,0,JavaScript,2020-04-16T02:43:49Z,240511635,solana-labs,mandatory,5,UTC,2026-03-09T22:23:07Z,public,computed in repo_activity_metrics and repo_ranking
,,2022-08-05T17:48:33Z,2026-05-23.solana-activity.v2,main,,2026-05-23T16:21:37.446336Z,25,solana-labs/governance-api,https://github.com/solana-labs/governance-api,True,False,False,R_kgDOHxjz5g,3,TypeScript,2025-02-09T15:33:55Z,521728998,solana-labs,mandatory,14,UTC,2026-03-09T22:23:10Z,public,computed in repo_activity_metrics and repo_ranking
,,2021-12-27T21:15:11Z,2026-05-23.solana-activity.v2,master,,2026-05-23T16:21:37.446336Z,51,solana-labs/governance-docs,https://github.com/solana-labs/governance-docs,True,False,False,R_kgDOGlyVJA,9,JavaScript,2025-02-09T15:31:03Z,442275108,solana-labs,mandatory,23,UTC,2026-03-09T22:23:12Z,public,computed in repo_activity_metrics and repo_ranking
,,2022-03-02T11:14:51Z,2026-05-23.solana-activity.v2,master,,2026-05-23T16:21:37.446336Z,45,solana-labs/governance-program-library,https://github.com/solana-labs/governance-program-library,True,False,False,R_kgDOG7uAGQ,18,Rust,2025-02-09T15:15:02Z,465272857,solana-labs,mandatory,55,UTC,2026-03-09T22:23:14Z,public,computed in repo_activity_metrics and repo_ranking
,,2022-06-14T22:10:29Z,2026-05-23.solana-activity.v2,main,Governance SDK ,2026-05-23T16:21:37.446336Z,12,solana-labs/governance-sdk,https://github.com/solana-labs/governance-sdk,True,False,False,R_kgDOHgNV1g,0,TypeScript,2025-02-09T15:36:05Z,503535062,solana-labs,mandatory,11,UTC,2026-03-09T22:23:17Z,public,computed in repo_activity_metrics and repo_ranking
,,2021-08-16T23:37:34Z,2026-05-23.solana-activity.v2,main,,2026-05-23T16:21:37.446336Z,542,solana-labs/governance-ui,https://github.com/solana-labs/governance-ui,True,False,False,MDEwOlJlcG9zaXRvcnkzOTcwMTQ1MzY=,120,TypeScript,2025-02-09T15:22:18Z,397014536,solana-labs,mandatory,327,UTC,2026-05-14T19:15:52Z,public,computed in repo_activity_metrics and repo_ranking
,,2022-05-31T16:26:53Z,2026-05-23.solana-activity.v2,main,Governance UI Landing Page - realms.today,2026-05-23T16:21:37.446336Z,20,solana-labs/governance-ui-landing,https://github.com/solana-labs/governance-ui-landing,True,False,False,R_kgDOHbUveQ,1,TypeScript,2025-02-09T15:26:32Z,498413433,solana-labs,mandatory,13,UTC,2026-03-09T22:23:22Z,public,computed in repo_activity_metrics and repo_ranking
,,2019-09-04T20:29:07Z,2026-05-23.solana-activity.v2,master,Rust port of Google's SwissTable hash map,2026-05-23T16:21:37.446336Z,5,solana-labs/hashbrown,https://github.com/solana-labs/hashbrown,True,True,False,MDEwOlJlcG9zaXRvcnkyMDY0MDc3OTI=,0,Rust,2021-03-03T19:20:09Z,206407792,solana-labs,mandatory,7,UTC,2026-03-09T22:23:24Z,public,computed in repo_activity_metrics and repo_ranking
,,2019-09-06T23:24:48Z,2026-05-23.solana-activity.v2,master,"A buildpack for wasm-pack applications on Heroku, with full support for Rustup, cargo and build caching.",2026-05-23T16:21:37.446336Z,9,solana-labs/heroku-buildpack-rust-wasm-pack,https://github.com/solana-labs/heroku-buildpack-rust-wasm-pack,True,True,False,MDEwOlJlcG9zaXRvcnkyMDY4ODgwNzQ=,0,Shell,2019-11-12T20:07:09Z,206888074,solana-labs,mandatory,8,UTC,2026-03-09T22:23:27Z,public,computed in repo_activity_metrics and repo_ranking
,,2020-05-14T15:16:35Z,2026-05-23.solana-activity.v2,master,Heroku buildpack for handling static sites and single page web apps,2026-05-23T16:21:37.446336Z,11,solana-labs/heroku-buildpack-static,https://github.com/solana-labs/heroku-buildpack-static,True,True,False,MDEwOlJlcG9zaXRvcnkyNjM5NDk5MDM=,0,Ruby,2021-09-13T00:35:29Z,263949903,solana-labs,mandatory,9,UTC,2026-03-09T22:23:30Z,public,computed in repo_activity_metrics and repo_ranking
,,2021-08-27T15:30:18Z,2026-05-23.solana-activity.v2,master,Tool for audit and reclaim of delegated SPL Token accounts,2026-05-23T16:21:37.446336Z,4,solana-labs/inc-20210825,https://github.com/solana-labs/inc-20210825,True,False,False,MDEwOlJlcG9zaXRvcnk0MDA1NTUwMzU=,1,Rust,2021-09-10T15:27:01Z,400555035,solana-labs,mandatory,6,UTC,2026-03-09T22:23:33Z,public,computed in repo_activity_metrics and repo_ranking
,,2023-06-13T13:18:58Z,2026-05-23.solana-activity.v2,master,Public repo for Solana interns,2026-05-23T16:21:37.446336Z,19,solana-labs/interns-codehub,https://github.com/solana-labs/interns-codehub,True,False,False,R_kgDOJu4I8w,4,TypeScript,2023-10-17T21:56:19Z,653134067,solana-labs,mandatory,13,UTC,2026-03-09T22:23:36Z,public,computed in repo_activity_metrics and repo_ranking
,,2023-08-07T22:34:52Z,2026-05-23.solana-activity.v2,master,,2026-05-23T16:21:37.446336Z,0,solana-labs/ipfs-ledger,https://github.com/solana-labs/ipfs-ledger,True,False,False,R_kgDOKEjExg,0,,2023-08-07T22:34:53Z,675857606,solana-labs,mandatory,2,UTC,2026-03-09T22:23:38Z,public,computed in repo_activity_metrics and repo_ranking
,,2018-09-26T14:26:30Z,2026-05-23.solana-activity.v2,solana-0.4,"Rust JSON-RPC implementation; OBSOLETE, required by Solana v0.9.0 - v0.11.0",2026-05-23T16:21:37.446336Z,8,solana-labs/jsonrpc,https://github.com/solana-labs/jsonrpc,True,True,False,MDEwOlJlcG9zaXRvcnkxNTA0Mzk0ODk=,2,Rust,2023-03-17T17:31:22Z,150439489,solana-labs,mandatory,6,UTC,2026-03-09T22:23:40Z,public,computed in repo_activity_metrics and repo_ranking
,,2023-09-26T11:37:46Z,2026-05-23.solana-activity.v2,master,,2026-05-23T16:21:37.446336Z,4,solana-labs/k8s-cluster,https://github.com/solana-labs/k8s-cluster,True,False,False,R_kgDOKYe1IA,1,,2023-09-29T18:40:24Z,696759584,solana-labs,mandatory,6,UTC,2026-03-09T22:23:43Z,public,computed in repo_activity_metrics and repo_ranking
,,2021-02-17T18:44:46Z,2026-05-23.solana-activity.v2,master,,2026-05-23T16:21:37.446336Z,3,solana-labs/kurtosis-solana-testing,https://github.com/solana-labs/kurtosis-solana-testing,True,False,False,MDEwOlJlcG9zaXRvcnkzMzk4MjIzODQ=,0,Rust,2021-03-14T22:40:07Z,339822384,solana-labs,mandatory,5,UTC,2026-03-09T22:23:45Z,public,computed in repo_activity_metrics and repo_ranking
,,2023-04-20T02:29:00Z,2026-05-23.solana-activity.v2,master,Solana launchpad reference implementation,2026-05-23T16:21:37.446336Z,27,solana-labs/launchpad,https://github.com/solana-labs/launchpad,True,False,False,R_kgDOJZELgg,0,Rust,2023-10-17T21:27:15Z,630262658,solana-labs,mandatory,28,UTC,2026-04-26T22:36:53Z,public,computed in repo_activity_metrics and repo_ranking
,,2020-01-29T22:09:25Z,2026-05-23.solana-activity.v2,redirect-to-ledgerhq,Solana app for Ledger Wallet,2026-05-23T16:21:37.446336Z,50,solana-labs/ledger-app-solana,https://github.com/solana-labs/ledger-app-solana,True,False,False,MDEwOlJlcG9zaXRvcnkyMzcwOTIyOTI=,10,,2023-01-23T15:40:53Z,237092292,solana-labs,mandatory,9,UTC,2026-04-19T18:57:14Z,public,computed in repo_activity_metrics and repo_ranking
,,2019-07-18T15:28:19Z,2026-05-23.solana-activity.v2,solana-0.0.1,Fork of Libra for the purpose of publishing crates to crates.io,2026-05-23T16:21:37.446336Z,14,solana-labs/libra,https://github.com/solana-labs/libra,True,True,False,MDEwOlJlcG9zaXRvcnkxOTc2MTMxNDk=,4,Rust,2020-05-01T16:52:46Z,197613149,solana-labs,mandatory,8,UTC,2026-03-09T22:23:52Z,public,computed in repo_activity_metrics and repo_ranking
,,2018-11-13T21:15:56Z,2026-05-23.solana-activity.v2,master,Mirror of official lld git repository located at http://llvm.org/git/lld. Updated every five minutes.,2026-05-23T16:21:37.446336Z,5,solana-labs/lld,https://github.com/solana-labs/lld,True,True,False,MDEwOlJlcG9zaXRvcnkxNTc0NDc5NjQ=,0,C++,2019-02-15T00:54:59Z,157447964,solana-labs,mandatory,4,UTC,2026-03-09T22:23:55Z,public,computed in repo_activity_metrics and repo_ranking
,,2018-11-13T21:15:21Z,2026-05-23.solana-activity.v2,master,Mirror of official llvm git repository located at http://llvm.org/git/llvm.  Updated every five minutes.,2026-05-23T16:21:37.446336Z,14,solana-labs/llvm,https://github.com/solana-labs/llvm,True,True,False,MDEwOlJlcG9zaXRvcnkxNTc0NDc5MDE=,0,LLVM,2020-02-10T23:18:52Z,157447901,solana-labs,mandatory,10,UTC,2026-03-09T22:23:58Z,public,computed in repo_activity_metrics and repo_ranking
,,2018-11-28T18:37:51Z,2026-05-23.solana-activity.v2,master,Builds customized LLVM for Solana,2026-05-23T16:21:37.446336Z,15,solana-labs/llvm-builder,https://github.com/solana-labs/llvm-builder,True,False,False,MDEwOlJlcG9zaXRvcnkxNTk1NDc3OTA=,0,Dockerfile,2021-02-11T20:34:34Z,159547790,solana-labs,mandatory,11,UTC,2026-03-09T22:24:00Z,public,computed in repo_activity_metrics and repo_ranking
,,2023-03-24T12:19:38Z,2026-05-23.solana-activity.v2,main,"(FORK) A simulator for trading on mango by market makers, used for testing solana cluster.",2026-05-23T16:21:37.446336Z,5,solana-labs/mango-simulation,https://github.com/solana-labs/mango-simulation,True,True,False,R_kgDOJNxAbg,0,Rust,2024-09-05T15:51:27Z,618414190,solana-labs,mandatory,7,UTC,2026-03-09T22:24:02Z,public,computed in repo_activity_metrics and repo_ranking
,,2023-10-09T03:44:21Z,2026-05-23.solana-activity.v2,main,mango_bencher project,2026-05-23T16:21:37.446336Z,6,solana-labs/mango-simulation-dos,https://github.com/solana-labs/mango-simulation-dos,True,True,False,R_kgDOKdxFnA,0,Shell,2023-11-01T04:27:23Z,702301596,solana-labs,mandatory,8,UTC,2026-03-09T22:24:05Z,public,computed in repo_activity_metrics and repo_ranking
,,2021-06-23T14:48:14Z,2026-05-23.solana-activity.v2,master,The Metaplex protocol,2026-05-23T16:21:37.446336Z,26,solana-labs/metaplex,https://github.com/solana-labs/metaplex,True,True,False,MDEwOlJlcG9zaXRvcnkzNzk2MzY4NjA=,0,Rust,2021-06-28T02:25:14Z,379636860,solana-labs,mandatory,20,UTC,2026-03-09T22:24:07Z,public,computed in repo_activity_metrics and repo_ranking
,,2020-09-28T14:52:53Z,2026-05-23.solana-activity.v2,master,,2026-05-23T16:21:37.446336Z,7,solana-labs/metrics-tee,https://github.com/solana-labs/metrics-tee,True,True,False,MDEwOlJlcG9zaXRvcnkyOTkzNDE5Njk=,0,,2020-09-25T20:09:46Z,299341969,solana-labs,mandatory,6,UTC,2026-03-09T22:24:10Z,public,computed in repo_activity_metrics and repo_ranking
,,2018-10-22T00:23:02Z,2026-05-23.solana-activity.v2,master,,2026-05-23T16:21:37.446336Z,12,solana-labs/network_simulation,https://github.com/solana-labs/network_simulation,True,False,False,MDEwOlJlcG9zaXRvcnkxNTQwNjU3MTk=,0,Python,2018-11-13T01:56:54Z,154065719,solana-labs,mandatory,14,UTC,2026-03-09T22:24:15Z,public,computed in repo_activity_metrics and repo_ranking
,,2019-01-14T21:47:01Z,2026-05-23.solana-activity.v2,master,Retired,2026-05-23T16:21:37.446336Z,20,solana-labs/networkexplorer,https://github.com/solana-labs/networkexplorer,True,False,False,MDEwOlJlcG9zaXRvcnkxNjU3NDA0NDQ=,56,JavaScript,2020-07-18T05:11:58Z,165740444,solana-labs,mandatory,14,UTC,2026-03-09T22:24:12Z,public,computed in repo_activity_metrics and repo_ranking
,,2023-10-03T19:32:14Z,2026-05-23.solana-activity.v2,master,An implementation of `std :: hash :: Hasher` which does not hash at all.,2026-05-23T16:21:37.446336Z,11,solana-labs/nohash-hasher,https://github.com/solana-labs/nohash-hasher,True,True,False,R_kgDOKblqQg,0,Rust,2023-10-06T14:48:02Z,700017218,solana-labs,mandatory,10,UTC,2026-03-09T22:24:17Z,public,computed in repo_activity_metrics and repo_ranking
,,2023-06-05T04:54:55Z,2026-05-23.solana-activity.v2,master,Rust FFI bindings for Native API,2026-05-23T16:21:37.446336Z,3,solana-labs/ntapi,https://github.com/solana-labs/ntapi,True,True,False,R_kgDOJrcVHQ,0,,2023-06-06T00:55:27Z,649532701,solana-labs,mandatory,4,UTC,2026-03-09T22:24:20Z,public,computed in repo_activity_metrics and repo_ranking
,,2018-08-11T06:41:11Z,2026-05-23.solana-activity.v2,master,Example Solana Web-based Wallet,2026-05-23T16:21:37.446336Z,31,solana-labs/obsolete-dontuse-example-webwallet,https://github.com/solana-labs/obsolete-dontuse-example-webwallet,True,False,False,MDEwOlJlcG9zaXRvcnkxNDQzNjIwNTU=,11,JavaScript,2020-08-30T15:21:24Z,144362055,solana-labs,mandatory,41,UTC,2026-05-17T17:13:07Z,public,computed in repo_activity_metrics and repo_ranking
,,2021-08-13T20:22:31Z,2026-05-23.solana-activity.v2,master,Obsolete - don't use,2026-05-23T16:21:37.446336Z,17,solana-labs/obsolete-spl-zk-token,https://github.com/solana-labs/obsolete-spl-zk-token,True,False,False,MDEwOlJlcG9zaXRvcnkzOTU3ODU1MzU=,2,Rust,2022-02-22T17:29:27Z,395785535,solana-labs,mandatory,148,UTC,2026-03-09T22:24:24Z,public,computed in repo_activity_metrics and repo_ranking
,,2021-02-04T15:43:29Z,2026-05-23.solana-activity.v2,main,,2026-05-23T16:21:37.446336Z,128,solana-labs/oyster,https://github.com/solana-labs/oyster,True,False,False,MDEwOlJlcG9zaXRvcnkzMzYwMDExNDM=,60,TypeScript,2025-02-27T20:40:39Z,336001143,solana-labs,mandatory,119,UTC,2026-03-09T22:24:27Z,public,computed in repo_activity_metrics and repo_ranking
,,2021-03-09T21:22:15Z,2026-05-23.solana-activity.v2,master,,2026-05-23T16:21:37.446336Z,3,solana-labs/oyster-bridge,https://github.com/solana-labs/oyster-bridge,True,False,False,MDEwOlJlcG9zaXRvcnkzNDYxNDc4NzM=,0,,2021-10-28T17:39:46Z,346147873,solana-labs,mandatory,4,UTC,2026-03-09T22:24:29Z,public,computed in repo_activity_metrics and repo_ranking
,,2020-11-16T04:51:02Z,2026-05-23.solana-activity.v2,main,,2026-05-23T16:21:37.446336Z,83,solana-labs/oyster-lending,https://github.com/solana-labs/oyster-lending,True,False,False,MDEwOlJlcG9zaXRvcnkzMTMxOTQzODQ=,19,TypeScript,2021-06-16T11:47:58Z,313194384,solana-labs,mandatory,65,UTC,2026-04-19T19:11:54Z,public,computed in repo_activity_metrics and repo_ranking
,,2020-12-21T15:17:44Z,2026-05-23.solana-activity.v2,main,,2026-05-23T16:21:37.446336Z,9,solana-labs/oyster-margin,https://github.com/solana-labs/oyster-margin,True,False,False,MDEwOlJlcG9zaXRvcnkzMjMzNzI1Nzc=,2,,2020-12-23T22:29:09Z,323372577,solana-labs,mandatory,7,UTC,2026-03-09T22:24:34Z,public,computed in repo_activity_metrics and repo_ranking
,,2020-10-14T20:16:21Z,2026-05-23.solana-activity.v2,master,,2026-05-23T16:21:37.446336Z,345,solana-labs/oyster-swap,https://github.com/solana-labs/oyster-swap,True,False,False,MDEwOlJlcG9zaXRvcnkzMDQxMjU0OTc=,14,TypeScript,2022-11-01T04:58:56Z,304125497,solana-labs,mandatory,128,UTC,2026-04-25T22:23:42Z,public,computed in repo_activity_metrics and repo_ranking
,,2023-04-20T02:23:17Z,2026-05-23.solana-activity.v2,master,Solana perpetuals reference implementation,2026-05-23T16:21:37.446336Z,67,solana-labs/perpetuals,https://github.com/solana-labs/perpetuals,True,False,False,R_kgDOJZEGEA,0,Rust,2023-10-26T22:30:37Z,630261264,solana-labs,mandatory,106,UTC,2026-05-12T18:58:43Z,public,computed in repo_activity_metrics and repo_ranking
,,2022-02-01T20:07:38Z,2026-05-23.solana-activity.v2,solana-labs,Automaticly generate your styled QR code in your web app.,2026-05-23T16:21:37.446336Z,21,solana-labs/qr-code-styling,https://github.com/solana-labs/qr-code-styling,True,True,False,R_kgDOGxekZg,0,TypeScript,2023-12-03T16:31:29Z,454534246,solana-labs,mandatory,24,UTC,2026-03-09T22:24:41Z,public,computed in repo_activity_metrics and repo_ranking
,,2022-02-17T11:37:13Z,2026-05-23.solana-activity.v2,main,Async-friendly QUIC implementation in Rust,2026-05-23T16:21:37.446336Z,4,solana-labs/quinn,https://github.com/solana-labs/quinn,True,True,False,R_kgDOG3FIhA,0,,2022-02-11T21:49:11Z,460408964,solana-labs,mandatory,6,UTC,2026-03-09T22:24:43Z,public,computed in repo_activity_metrics and repo_ranking
,,2018-10-04T00:37:59Z,2026-05-23.solana-activity.v2,main,Rust virtual machine and JIT compiler for eBPF programs,2026-05-23T16:21:37.446336Z,191,solana-labs/rbpf,https://github.com/solana-labs/rbpf,True,True,False,MDEwOlJlcG9zaXRvcnkxNTE0OTkzMDE=,0,Rust,2024-12-12T17:01:25Z,151499301,solana-labs,mandatory,329,UTC,2026-05-21T18:56:53Z,public,computed in repo_activity_metrics and repo_ranking
,,2025-07-02T00:27:00Z,2026-05-23.solana-activity.v2,main,,2026-05-23T16:21:37.446336Z,1,solana-labs/red-runner-monorepo,https://github.com/solana-labs/red-runner-monorepo,False,False,False,R_kgDOPFSueQ,0,,2024-11-12T03:08:28Z,1012182649,solana-labs,mandatory,1,UTC,2026-03-09T22:24:48Z,public,computed in repo_activity_metrics and repo_ranking
,,2020-07-23T20:24:15Z,2026-05-23.solana-activity.v2,master,Demo for Reddit scaling,2026-05-23T16:21:37.446336Z,9,solana-labs/reddit-scaling-demo,https://github.com/solana-labs/reddit-scaling-demo,True,False,False,MDEwOlJlcG9zaXRvcnkyODIwNDgyNjQ=,6,Rust,2020-08-26T08:56:57Z,282048264,solana-labs,mandatory,9,UTC,2026-03-09T22:24:50Z,public,computed in repo_activity_metrics and repo_ranking
,,2019-09-16T17:44:04Z,2026-05-23.solana-activity.v2,master,Rust implementation of Reed-Solomon erasure coding,2026-05-23T16:21:37.446336Z,12,solana-labs/reed-solomon-erasure,https://github.com/solana-labs/reed-solomon-erasure,True,True,False,MDEwOlJlcG9zaXRvcnkyMDg4NjA5OTY=,1,,2020-05-23T19:30:41Z,208860996,solana-labs,mandatory,9,UTC,2026-03-09T22:24:53Z,public,computed in repo_activity_metrics and repo_ranking
,,2021-02-08T17:32:00Z,2026-05-23.solana-activity.v2,master,Rosetta Server for Solana Blockchain,2026-05-23T16:21:37.446336Z,7,solana-labs/rosetta-solana,https://github.com/solana-labs/rosetta-solana,True,True,False,MDEwOlJlcG9zaXRvcnkzMzcxNTU2ODI=,0,,2021-02-03T12:40:21Z,337155682,solana-labs,mandatory,6,UTC,2026-03-09T22:24:55Z,public,computed in repo_activity_metrics and repo_ranking
,,2020-08-26T04:26:50Z,2026-05-23.solana-activity.v2,master,JSON-RPC 2.0 implementation over WebSockets for Node.js and JavaScript/TypeScript,2026-05-23T16:21:37.446336Z,12,solana-labs/rpc-websockets,https://github.com/solana-labs/rpc-websockets,True,True,False,MDEwOlJlcG9zaXRvcnkyOTAzOTQ3MDk=,0,JavaScript,2020-08-26T04:48:37Z,290394709,solana-labs,mandatory,10,UTC,2026-03-09T22:24:58Z,public,computed in repo_activity_metrics and repo_ranking
,,2019-02-20T07:01:58Z,2026-05-23.solana-activity.v2,master,,2026-05-23T16:21:37.446336Z,10,solana-labs/rust-bpf-builder,https://github.com/solana-labs/rust-bpf-builder,True,False,False,MDEwOlJlcG9zaXRvcnkxNzE2MTkwMzI=,0,Dockerfile,2021-02-11T19:24:39Z,171619032,solana-labs,mandatory,14,UTC,2026-03-09T22:25:00Z,public,computed in repo_activity_metrics and repo_ranking
,,2019-02-16T00:48:13Z,2026-05-23.solana-activity.v2,master,Rust sysroot source for Berkley Packet Filter Rust programs,2026-05-23T16:21:37.446336Z,13,solana-labs/rust-bpf-sysroot,https://github.com/solana-labs/rust-bpf-sysroot,True,False,False,MDEwOlJlcG9zaXRvcnkxNzA5NDcwODM=,0,C,2021-03-26T11:52:17Z,170947083,solana-labs,mandatory,21,UTC,2026-03-09T22:25:03Z,public,computed in repo_activity_metrics and repo_ranking
,,2019-11-20T21:54:44Z,2026-05-23.solana-activity.v2,master,A parallel runtime for layer 1 blockchains,2026-05-23T16:21:37.446336Z,4,solana-labs/sealevel,https://github.com/solana-labs/sealevel,True,False,False,MDEwOlJlcG9zaXRvcnkyMjMwMzQ2MDI=,0,,2019-11-20T22:13:46Z,223034602,solana-labs,mandatory,15,UTC,2026-03-09T22:25:05Z,public,computed in repo_activity_metrics and repo_ranking
,,2023-10-17T22:20:59Z,2026-05-23.solana-activity.v2,master,,2026-05-23T16:21:37.446336Z,13,solana-labs/secure-wrap-token,https://github.com/solana-labs/secure-wrap-token,True,False,False,R_kgDOKhrrug,0,Rust,2023-10-23T14:59:36Z,706407354,solana-labs,mandatory,11,UTC,2026-03-09T22:25:07Z,public,computed in repo_activity_metrics and repo_ranking
,,2021-05-21T21:10:23Z,2026-05-23.solana-activity.v2,master,Project Serum Rust monorepo.,2026-05-23T16:21:37.446336Z,15,solana-labs/serum-dex,https://github.com/solana-labs/serum-dex,True,True,False,MDEwOlJlcG9zaXRvcnkzNjk2NTQ5NDA=,0,,2021-05-20T03:21:28Z,369654940,solana-labs,mandatory,14,UTC,2026-03-09T22:25:10Z,public,computed in repo_activity_metrics and repo_ranking
,,2021-05-21T21:11:14Z,2026-05-23.solana-activity.v2,master,An implementation of a UI for the Serum DEX,2026-05-23T16:21:37.446336Z,17,solana-labs/serum-dex-ui,https://github.com/solana-labs/serum-dex-ui,True,True,False,MDEwOlJlcG9zaXRvcnkzNjk2NTUwNzg=,0,,2021-05-21T14:18:57Z,369655078,solana-labs,mandatory,10,UTC,2026-03-09T22:25:12Z,public,computed in repo_activity_metrics and repo_ranking
,,2018-02-14T04:26:27Z,2026-05-23.solana-activity.v2,master,"Web-Scale Blockchain for fast, secure, scalable, decentralized apps and marketplaces.",2026-05-23T16:21:37.446336Z,5677,solana-labs/solana,https://github.com/solana-labs/solana,True,False,False,MDEwOlJlcG9zaXRvcnkxMjE0NzAzODM=,265,Rust,2025-01-22T19:41:54Z,121470383,solana-labs,mandatory,14892,UTC,2026-05-22T23:37:15Z,public,computed in repo_activity_metrics and repo_ranking
,,2022-01-12T23:55:45Z,2026-05-23.solana-activity.v2,master,,2026-05-23T16:21:37.446336Z,132,solana-labs/solana-accountsdb-plugin-postgres,https://github.com/solana-labs/solana-accountsdb-plugin-postgres,False,False,False,R_kgDOGqrhxw,18,Rust,2024-10-10T01:25:44Z,447406535,solana-labs,mandatory,133,UTC,2026-04-19T19:14:14Z,public,computed in repo_activity_metrics and repo_ranking
,,2021-09-14T00:06:51Z,2026-05-23.solana-activity.v2,master,,2026-05-23T16:21:37.446336Z,33,solana-labs/solana-bigtable,https://github.com/solana-labs/solana-bigtable,True,False,False,MDEwOlJlcG9zaXRvcnk0MDYxNjYzMjg=,7,Shell,2024-06-26T14:43:30Z,406166328,solana-labs,mandatory,99,UTC,2026-04-19T21:59:52Z,public,computed in repo_activity_metrics and repo_ranking
,,2021-09-07T20:24:07Z,2026-05-23.solana-activity.v2,master,,2026-05-23T16:21:37.446336Z,9,solana-labs/solana-build,https://github.com/solana-labs/solana-build,True,False,False,MDEwOlJlcG9zaXRvcnk0MDQxMTMxMDM=,0,Rust,2021-09-20T20:09:06Z,404113103,solana-labs,mandatory,5,UTC,2026-03-09T22:25:22Z,public,computed in repo_activity_metrics and repo_ranking
,,2021-01-28T00:36:23Z,2026-05-23.solana-activity.v2,main,A community-maintained registry of flagged accounts,2026-05-23T16:21:37.446336Z,10,solana-labs/solana-flagged-accounts,https://github.com/solana-labs/solana-flagged-accounts,True,False,False,MDEwOlJlcG9zaXRvcnkzMzM2MDAyMDA=,0,JavaScript,2021-03-16T17:12:10Z,333600200,solana-labs,mandatory,9,UTC,2026-03-09T22:25:24Z,public,computed in repo_activity_metrics and repo_ranking
,,2023-10-31T12:23:44Z,2026-05-23.solana-activity.v2,main,GraphQL web IDE for working with the Solana RPC-GraphQL resolver,2026-05-23T16:21:37.446336Z,8,solana-labs/solana-graphql-playground,https://github.com/solana-labs/solana-graphql-playground,False,False,False,R_kgDOKnaIuw,0,TypeScript,2024-01-22T18:48:45Z,712411323,solana-labs,mandatory,9,UTC,2026-03-09T22:25:27Z,public,computed in repo_activity_metrics and repo_ranking
,,2018-08-25T20:04:58Z,2026-05-23.solana-activity.v2,master,DEPRECATED - Provides a TLS proxy for web-based Solana JSON RPC users,2026-05-23T16:21:37.446336Z,7,solana-labs/solana-json-rpc-https-proxy,https://github.com/solana-labs/solana-json-rpc-https-proxy,True,False,False,MDEwOlJlcG9zaXRvcnkxNDYxMjYwNTc=,0,Shell,2019-07-05T21:44:15Z,146126057,solana-labs,mandatory,7,UTC,2026-03-09T22:25:29Z,public,computed in repo_activity_metrics and repo_ranking
,,2018-11-07T17:16:27Z,2026-05-23.solana-activity.v2,master,Organization Pages,2026-05-23T16:21:37.446336Z,44,solana-labs/solana-labs.github.io,https://github.com/solana-labs/solana-labs.github.io,True,False,False,MDEwOlJlcG9zaXRvcnkxNTY1ODIxOTk=,0,,2018-11-07T17:16:29Z,156582199,solana-labs,mandatory,26,UTC,2026-04-19T19:11:01Z,public,computed in repo_activity_metrics and repo_ranking
,,2023-02-24T23:19:17Z,2026-05-23.solana-activity.v2,main,Solana Pay for Commerce Platforms,2026-05-23T16:21:37.446336Z,63,solana-labs/solana-payments-app,https://github.com/solana-labs/solana-payments-app,True,False,False,R_kgDOJCJ8jA,24,TypeScript,2024-11-25T18:05:32Z,606239884,solana-labs,mandatory,96,UTC,2026-04-19T19:11:35Z,public,computed in repo_activity_metrics and repo_ranking
,,2018-03-22T06:13:57Z,2026-05-23.solana-activity.v2,master,C and CUDA libraries to enhance Solana,2026-05-23T16:21:37.446336Z,51,solana-labs/solana-perf-libs,https://github.com/solana-labs/solana-perf-libs,True,False,False,MDEwOlJlcG9zaXRvcnkxMjYyODg0NTc=,15,C,2022-12-02T21:01:32Z,126288457,solana-labs,mandatory,47,UTC,2026-05-08T19:46:19Z,public,computed in repo_activity_metrics and repo_ranking
,,2022-01-20T05:35:32Z,2026-05-23.solana-activity.v2,main,solana ping api server,2026-05-23T16:21:37.446336Z,31,solana-labs/solana-ping-api,https://github.com/solana-labs/solana-ping-api,True,False,False,R_kgDOGtH4uA,3,Go,2024-06-25T07:03:48Z,449968312,solana-labs,mandatory,39,UTC,2026-03-09T22:25:39Z,public,computed in repo_activity_metrics and repo_ranking
,,2019-08-09T03:26:20Z,2026-05-23.solana-activity.v2,master,A utility to parse DER-encoded PKCS #8 files,2026-05-23T16:21:37.446336Z,7,solana-labs/solana-pkcs8,https://github.com/solana-labs/solana-pkcs8,True,False,False,MDEwOlJlcG9zaXRvcnkyMDEzODE4NDA=,0,Rust,2019-08-09T03:29:59Z,201381840,solana-labs,mandatory,6,UTC,2026-03-09T22:25:42Z,public,computed in repo_activity_metrics and repo_ranking
,,2020-05-29T19:39:19Z,2026-05-23.solana-activity.v2,master,A collection of Solana programs maintained by Solana Labs,2026-05-23T16:21:37.446336Z,2398,solana-labs/solana-program-library,https://github.com/solana-labs/solana-program-library,True,False,False,MDEwOlJlcG9zaXRvcnkyNjc5NDA1NjA=,67,Rust,2025-03-11T10:59:26Z,267940560,solana-labs,mandatory,4225,UTC,2026-05-23T12:51:52Z,public,computed in repo_activity_metrics and repo_ranking
,,2021-04-22T15:24:19Z,2026-05-23.solana-activity.v2,master,,2026-05-23T16:21:37.446336Z,33,solana-labs/solana-season,https://github.com/solana-labs/solana-season,True,False,False,MDEwOlJlcG9zaXRvcnkzNjA1NjU2OTg=,6,,2021-06-22T16:09:58Z,360565698,solana-labs,mandatory,336,UTC,2026-03-10T08:43:35Z,public,computed in repo_activity_metrics and repo_ranking
,,2021-08-12T16:17:39Z,2026-05-23.solana-activity.v2,master,"Compile, deploy, and use Solidity contracts on Solana",2026-05-23T16:21:37.446336Z,38,solana-labs/solana-solidity.js,https://github.com/solana-labs/solana-solidity.js,True,False,False,MDEwOlJlcG9zaXRvcnkzOTUzNzc5Mjc=,7,TypeScript,2023-03-29T13:30:42Z,395377927,solana-labs,mandatory,114,UTC,2026-04-19T19:29:36Z,public,computed in repo_activity_metrics and repo_ranking
,,2020-04-03T00:26:24Z,2026-05-23.solana-activity.v2,master,Utility for distributing Solana tokens,2026-05-23T16:21:37.446336Z,12,solana-labs/solana-tokens,https://github.com/solana-labs/solana-tokens,True,False,False,MDEwOlJlcG9zaXRvcnkyNTI1OTQ4MDU=,0,,2020-05-13T14:40:17Z,252594805,solana-labs,mandatory,4,UTC,2026-03-09T22:25:51Z,public,computed in repo_activity_metrics and repo_ranking
,,2019-08-27T16:20:46Z,2026-05-23.solana-activity.v2,master,Voice over Internet & Blockchain (VoIB) demo,2026-05-23T16:21:37.446336Z,11,solana-labs/solana-voib-demo,https://github.com/solana-labs/solana-voib-demo,True,False,False,MDEwOlJlcG9zaXRvcnkyMDQ3NDMwOTU=,9,Rust,2019-09-25T18:07:20Z,204743095,solana-labs,mandatory,17,UTC,2026-03-09T22:25:55Z,public,computed in repo_activity_metrics and repo_ranking
,,2019-06-14T20:37:31Z,2026-05-23.solana-activity.v2,master,Cross-platform Solana Replicator UI ⛏️ ,2026-05-23T16:21:37.446336Z,18,solana-labs/solminer,https://github.com/solana-labs/solminer,True,False,False,MDEwOlJlcG9zaXRvcnkxOTIwMDI5NzY=,12,JavaScript,2020-07-22T13:32:07Z,192002976,solana-labs,mandatory,11,UTC,2026-05-20T15:35:43Z,public,computed in repo_activity_metrics and repo_ranking
,,2021-09-21T22:23:02Z,2026-05-23.solana-activity.v2,master,,2026-05-23T16:21:37.446336Z,0,solana-labs/spl-token-subscription,https://github.com/solana-labs/spl-token-subscription,True,False,False,R_kgDOGGCzew,0,Rust,2021-09-22T15:53:09Z,408990587,solana-labs,mandatory,2,UTC,2026-03-09T22:26:00Z,public,computed in repo_activity_metrics and repo_ranking
,,2019-02-19T17:46:40Z,2026-05-23.solana-activity.v2,master,Rust's standard library vendor-specific APIs and run-time feature detection,2026-05-23T16:21:37.446336Z,10,solana-labs/stdsimd,https://github.com/solana-labs/stdsimd,True,True,False,MDEwOlJlcG9zaXRvcnkxNzE1MjEwMTE=,0,HTML,2019-05-15T21:22:57Z,171521011,solana-labs,mandatory,10,UTC,2026-03-09T22:26:02Z,public,computed in repo_activity_metrics and repo_ranking
,,2020-08-06T08:44:41Z,2026-05-23.solana-activity.v2,master,A simple and composable way to validate data in JavaScript (or TypeScript).,2026-05-23T16:21:37.446336Z,12,solana-labs/superstruct,https://github.com/solana-labs/superstruct,True,True,False,MDEwOlJlcG9zaXRvcnkyODU1MTk5MDE=,0,TypeScript,2021-02-25T09:25:47Z,285519901,solana-labs,mandatory,10,UTC,2026-03-09T22:26:04Z,public,computed in repo_activity_metrics and repo_ranking
,,2024-02-19T17:10:11Z,2026-05-23.solana-activity.v2,master,For developing a Github Action to sync solana-labs/solana from anza-xyz/agave ,2026-05-23T16:21:37.446336Z,4,solana-labs/sync_test,https://github.com/solana-labs/sync_test,True,False,False,R_kgDOLU1Nrg,0,,2024-03-18T15:30:47Z,760040878,solana-labs,mandatory,6,UTC,2026-03-21T12:18:46Z,public,computed in repo_activity_metrics and repo_ranking
,,2021-10-27T01:53:11Z,2026-05-23.solana-activity.v2,master,Aggregates tokens listed in onchain token registry,2026-05-23T16:21:37.446336Z,23,solana-labs/token-aggregator,https://github.com/solana-labs/token-aggregator,True,False,False,R_kgDOGSHDZg,3,TypeScript,2022-12-31T13:37:11Z,421643110,solana-labs,mandatory,14,UTC,2026-03-09T22:26:09Z,public,computed in repo_activity_metrics and repo_ranking
,,2020-11-06T15:19:27Z,2026-05-23.solana-activity.v2,main,The community maintained Solana token registry,2026-05-23T16:21:37.446336Z,15026,solana-labs/token-list,https://github.com/solana-labs/token-list,True,False,False,MDEwOlJlcG9zaXRvcnkzMTA2MzIxMzM=,4706,Go,2024-07-24T23:53:11Z,310632133,solana-labs,mandatory,1667,UTC,2026-05-23T13:36:35Z,public,computed in repo_activity_metrics and repo_ranking
,,2020-06-30T15:14:28Z,2026-05-23.solana-activity.v2,master,Scripts and tools for token accounting and operation,2026-05-23T16:21:37.446336Z,18,solana-labs/token-ops,https://github.com/solana-labs/token-ops,True,False,False,MDEwOlJlcG9zaXRvcnkyNzYxMzQ5MzU=,1,Shell,2021-04-15T02:40:02Z,276134935,solana-labs,mandatory,14,UTC,2026-03-09T22:26:14Z,public,computed in repo_activity_metrics and repo_ranking
,,2019-07-09T23:47:50Z,2026-05-23.solana-activity.v2,master,Tour de SOL,2026-05-23T16:21:37.446336Z,19,solana-labs/tour-de-sol,https://github.com/solana-labs/tour-de-sol,True,False,False,MDEwOlJlcG9zaXRvcnkxOTYwOTkxMzA=,7,Rust,2020-09-12T06:04:45Z,196099130,solana-labs,mandatory,10,UTC,2026-03-09T22:26:16Z,public,computed in repo_activity_metrics and repo_ranking
,,2023-04-20T02:27:47Z,2026-05-23.solana-activity.v2,master,Solana twamm reference implementation,2026-05-23T16:21:37.446336Z,5,solana-labs/twamm,https://github.com/solana-labs/twamm,True,False,False,R_kgDOJZEKXA,1,TypeScript,2023-10-17T21:21:25Z,630262364,solana-labs,mandatory,20,UTC,2026-03-09T22:26:18Z,public,computed in repo_activity_metrics and repo_ranking
,,2019-06-26T19:47:03Z,2026-05-23.solana-activity.v2,master,🌲 A drop-in module that adds autoUpdating capabilities to Electron apps,2026-05-23T16:21:37.446336Z,4,solana-labs/update-electron-app,https://github.com/solana-labs/update-electron-app,True,True,False,MDEwOlJlcG9zaXRvcnkxOTM5Njc5NDU=,0,JavaScript,2019-07-10T21:38:52Z,193967945,solana-labs,mandatory,3,UTC,2026-03-09T22:26:21Z,public,computed in repo_activity_metrics and repo_ranking
,,2020-02-10T21:18:16Z,2026-05-23.solana-activity.v2,master,https://metrics.solana.com:3000/d/jrdi4uUWz/validator-tracker,2026-05-23T16:21:37.446336Z,10,solana-labs/validator-tracker,https://github.com/solana-labs/validator-tracker,True,False,False,MDEwOlJlcG9zaXRvcnkyMzk2MTUzMjc=,0,Shell,2020-05-05T00:11:56Z,239615327,solana-labs,mandatory,8,UTC,2026-03-09T22:26:23Z,public,computed in repo_activity_metrics and repo_ranking
,,2023-04-25T14:39:33Z,2026-05-23.solana-activity.v2,master,,2026-05-23T16:21:37.446336Z,7,solana-labs/wbtc,https://github.com/solana-labs/wbtc,True,False,False,R_kgDOJbM7mA,0,TypeScript,2023-06-16T20:26:14Z,632503192,solana-labs,mandatory,20,UTC,2026-03-21T03:56:47Z,public,computed in repo_activity_metrics and repo_ranking
,,2018-01-20T13:49:36Z,2026-05-23.solana-activity.v2,master,Solana whitepaper LaTeX source,2026-05-23T16:21:37.446336Z,73,solana-labs/whitepaper,https://github.com/solana-labs/whitepaper,False,False,False,MDEwOlJlcG9zaXRvcnkxMTgyNDY5OTY=,18,TeX,2022-03-15T21:36:16Z,118246996,solana-labs,mandatory,101,UTC,2026-05-20T19:03:41Z,public,computed in repo_activity_metrics and repo_ranking
,,2020-10-05T01:06:02Z,2026-05-23.solana-activity.v2,main,,2026-05-23T16:21:37.446336Z,15,solana-labs/wormhole-hackathon,https://github.com/solana-labs/wormhole-hackathon,True,False,False,MDEwOlJlcG9zaXRvcnkzMDEyNjEwMDM=,1,,2020-11-16T20:40:08Z,301261003,solana-labs,mandatory,37,UTC,2026-03-09T22:26:30Z,public,computed in repo_activity_metrics and repo_ranking
,,2018-10-05T22:04:19Z,2026-05-23.solana-activity.v2,master,"Lightweight, event-driven WebSockets for Rust.",2026-05-23T16:21:37.446336Z,8,solana-labs/ws-rs,https://github.com/solana-labs/ws-rs,True,True,False,MDEwOlJlcG9zaXRvcnkxNTE3ODI4MDM=,0,Rust,2020-07-28T14:50:39Z,151782803,solana-labs,mandatory,6,UTC,2026-03-09T22:26:32Z,public,computed in repo_activity_metrics and repo_ranking
